SQL_ApplicationId,SQL_MemberAssuredId,API_MemberAssuredId,SQL_MemberReference,API_MemberReference,SQL_Domicile,API_Domicile,SQL_PartyId,API_PartyId,SQL_CrmIdentifier,API_CrmIdentifier,SQL_OrganisationName,API_OrganisationName,SQL_Salutation,API_Salutation,SQL_FirstName,API_FirstName,SQL_MiddleName,API_MiddleName,SQL_LastName,API_LastName,SQL_SearchName,API_SearchName,SQL_EmailAddress,API_EmailAddress,SQL_Telephone,API_Telephone,SQL_Fax,API_Fax,SQL_AddressId,API_AddressId,SQL_Name,API_Name,SQL_Line1,API_Line1,SQL_Line2,API_Line2,SQL_Line3,API_Line3,SQL_City,API_City,SQL_StateOrProvince,API_StateOrProvince,SQL_Country,API_Country,SQL_Postcode,API_Postcode,Test Case Status
76183,44864,44864,73288,73288,AUS,AUS,112392,112392,DB7FBBFF-E75F-EA11-A811-000D3A86A8CF,db7fbbff-e75f-ea11-a811-000d3a86a8cf,AMP Test Broker,AMP Test Broker,null,null,null,null,null,null,null,null,AMP Test Broker,AMP Test Broker,null,null,null,null,null,null,112807,112807,10 Whitechapel,10 Whitechapel,null,null,null,null,null,null,London,London,null,null,AUSTRALIA,UNITED KINGDOM,null,null,Test Case failed
76182,31227,31227,50700,50700,MLT,MLT,30893,30893,482CCE32-2299-E111-916A-001F29E68CCE,482cce32-2299-e111-916a-001f29e68cce,Eleven Yachting Limited,Eleven Yachting Limited,null,null,null,null,null,null,Eleven Yachting Limited,Eleven Yachting Limited,Eleven Yachting Limited,Eleven Yachting Limited,er@capeyachting.com,er@capeyachting.com,null,null,null,null,11038,11038,5/1  Merchants Street,5/1  Merchants Street,null,null,null,null,null,null,Valletta,Valletta,null,null,MALTA,MALTA,VLT 1171,VLT 1171,Test Case Passed
76181,26622,26622,12362,12362,ZAF,ZAF,6396,6396,BD06D5C6-6467-E111-9911-001F29E68CCE,bd06d5c6-6467-e111-9911-001f29e68cce,Manuel De Olim Cc,Manuel De Olim Cc,null,null,Manuel,Manuel,null,null,De Olim,De Olim,Manuel De Olim Cc,Manuel De Olim Cc,moutonkar@marsh-afrs.com,moutonkar@marsh-afrs.com,null,null,null,null,12081,12081,PO Box 395,PO Box 395,null,null,null,null,null,null,Bloubergstrand ,Bloubergstrand ,null,null,SOUTH AFRICA,SOUTH AFRICA,null,null,Test Case Passed
76180,26622,26622,12362,12362,ZAF,ZAF,6396,6396,BD06D5C6-6467-E111-9911-001F29E68CCE,bd06d5c6-6467-e111-9911-001f29e68cce,Manuel De Olim Cc,Manuel De Olim Cc,null,null,Manuel,Manuel,null,null,De Olim,De Olim,Manuel De Olim Cc,Manuel De Olim Cc,moutonkar@marsh-afrs.com,moutonkar@marsh-afrs.com,null,null,null,null,12081,12081,PO Box 395,PO Box 395,null,null,null,null,null,null,Bloubergstrand ,Bloubergstrand ,null,null,SOUTH AFRICA,SOUTH AFRICA,null,null,Test Case Passed
76179,44905,44905,73329,73329,DZA,DZA,112674,112674,540D228F-F0CF-4F16-A478-95D6EE9156F7,540d228f-f0cf-4f16-a478-95d6ee9156f7,Rohit Singh,Rohit Singh,null,null,null,null,null,null,null,null,Rohit Singh,Rohit Singh,null,null,null,null,null,null,113089,113089,Test1,Test1,null,null,null,null,null,null,sydn,sydn,null,null,ALGERIA,AUSTRALIA,null,null,Test Case failed
76178,31227,31227,50700,50700,MLT,MLT,30893,30893,482CCE32-2299-E111-916A-001F29E68CCE,482cce32-2299-e111-916a-001f29e68cce,Eleven Yachting Limited,Eleven Yachting Limited,null,null,null,null,null,null,Eleven Yachting Limited,Eleven Yachting Limited,Eleven Yachting Limited,Eleven Yachting Limited,er@capeyachting.com,er@capeyachting.com,null,null,null,null,11038,11038,5/1  Merchants Street,5/1  Merchants Street,null,null,null,null,null,null,Valletta,Valletta,null,null,MALTA,MALTA,VLT 1171,VLT 1171,Test Case Passed
76177,44904,44904,73328,73328,CHL,CHL,112673,112673,CEAD2B70-7A02-4A4C-BB55-058203B848E0,cead2b70-7a02-4a4c-bb55-058203b848e0,Test3Member Variation1,Test3Member Variation1,null,null,null,null,null,null,null,null,Test3Member Variation1,Test3Member Variation1,null,null,null,null,null,null,113088,113088,Test3Member Created AddName,Test3Member Created AddName,Test3Member Created L1,Test3Member Created L1,Test3Member Created L2,Test3Member Created L2,null,null,Birmingham,Birmingham,Alabama,Alabama,CHILE,UNITED STATES OF AMERICA,54734,54734,Test Case failed
76176,44904,44904,73328,73328,CHL,USA,112673,112673,CEAD2B70-7A02-4A4C-BB55-058203B848E0,cead2b70-7a02-4a4c-bb55-058203b848e0,Test3Member Variation1,Test3Member Created,null,null,null,null,null,null,null,null,Test3Member Variation1,Test3Member Created,null,null,null,null,null,null,113088,113088,Test3Member Created AddName,Test3Member Created AddName,Test3Member Created L1,Test3Member Created L1,Test3Member Created L2,Test3Member Created L2,null,null,Birmingham,Birmingham,Alabama,Alabama,CHILE,UNITED STATES OF AMERICA,54734,54734,Test Case failed
76175,44904,44904,73328,73328,CHL,USA,112673,112673,CEAD2B70-7A02-4A4C-BB55-058203B848E0,cead2b70-7a02-4a4c-bb55-058203b848e0,Test3Member Variation1,Test3Member Created,null,null,null,null,null,null,null,null,Test3Member Variation1,Test3Member Created,null,null,null,null,null,null,113088,113088,Test3Member Created AddName,Test3Member Created AddName,Test3Member Created L1,Test3Member Created L1,Test3Member Created L2,Test3Member Created L2,null,null,Birmingham,Birmingham,Alabama,Alabama,CHILE,UNITED STATES OF AMERICA,54734,54734,Test Case failed
76174,44904,44904,73328,73328,CHL,USA,112673,112673,CEAD2B70-7A02-4A4C-BB55-058203B848E0,cead2b70-7a02-4a4c-bb55-058203b848e0,Test3Member Variation1,Test3Member Created,null,null,null,null,null,null,null,null,Test3Member Variation1,Test3Member Created,null,null,null,null,null,null,113088,113088,Test3Member Created AddName,Test3Member Created AddName,Test3Member Created L1,Test3Member Created L1,Test3Member Created L2,Test3Member Created L2,null,null,Birmingham,Birmingham,Alabama,Alabama,CHILE,UNITED STATES OF AMERICA,54734,54734,Test Case failed
76173,44904,44904,73328,73328,CHL,USA,112673,112673,CEAD2B70-7A02-4A4C-BB55-058203B848E0,cead2b70-7a02-4a4c-bb55-058203b848e0,Test3Member Variation1,Test3Member Created,null,null,null,null,null,null,null,null,Test3Member Variation1,Test3Member Created,null,null,null,null,null,null,113088,113088,Test3Member Created AddName,Test3Member Created AddName,Test3Member Created L1,Test3Member Created L1,Test3Member Created L2,Test3Member Created L2,null,null,Birmingham,Birmingham,Alabama,Alabama,CHILE,UNITED STATES OF AMERICA,54734,54734,Test Case failed
76172,44903,44903,73327,73327,LCA,LCA,112672,112672,6A2DEC72-100C-4FFB-A57C-6D1D3F6B5E4F,6a2dec72-100c-4ffb-a57c-6d1d3f6b5e4f,Test2Member Altered,Test2Member Altered,null,null,null,null,null,null,null,null,Test2Member Altered,Test2Member Altered,null,null,null,null,null,null,113087,113087,Test2Member Created AddName,Test2Member Created AddName,Test2Member Created L1,Test2Member Created L1,Test2Member Created L2,Test2Member Created L2,null,null,Birmingham,Birmingham,Alabama,Alabama,ST LUCIA,UNITED STATES OF AMERICA,345443,345443,Test Case failed
76170,44903,44903,73327,73327,LCA,LCA,112672,112672,6A2DEC72-100C-4FFB-A57C-6D1D3F6B5E4F,6a2dec72-100c-4ffb-a57c-6d1d3f6b5e4f,Test2Member Altered,Test2Member Altered,null,null,null,null,null,null,null,null,Test2Member Altered,Test2Member Altered,null,null,null,null,null,null,113087,113087,Test2Member Created AddName,Test2Member Created AddName,Test2Member Created L1,Test2Member Created L1,Test2Member Created L2,Test2Member Created L2,null,null,Birmingham,Birmingham,Alabama,Alabama,ST LUCIA,UNITED STATES OF AMERICA,345443,345443,Test Case failed
76169,44903,44903,73327,73327,LCA,LCA,112672,112672,6A2DEC72-100C-4FFB-A57C-6D1D3F6B5E4F,6a2dec72-100c-4ffb-a57c-6d1d3f6b5e4f,Test2Member Altered,Test2Member Altered,null,null,null,null,null,null,null,null,Test2Member Altered,Test2Member Altered,null,null,null,null,null,null,113087,113087,Test2Member Created AddName,Test2Member Created AddName,Test2Member Created L1,Test2Member Created L1,Test2Member Created L2,Test2Member Created L2,null,null,Birmingham,Birmingham,Alabama,Alabama,ST LUCIA,UNITED STATES OF AMERICA,345443,345443,Test Case failed
76168,44903,44903,73327,73327,LCA,LCA,112672,112672,6A2DEC72-100C-4FFB-A57C-6D1D3F6B5E4F,6a2dec72-100c-4ffb-a57c-6d1d3f6b5e4f,Test2Member Altered,Test2Member Altered,null,null,null,null,null,null,null,null,Test2Member Altered,Test2Member Altered,null,null,null,null,null,null,113087,113087,Test2Member Created AddName,Test2Member Created AddName,Test2Member Created L1,Test2Member Created L1,Test2Member Created L2,Test2Member Created L2,null,null,Birmingham,Birmingham,Alabama,Alabama,ST LUCIA,UNITED STATES OF AMERICA,345443,345443,Test Case failed
76167,44903,44903,73327,73327,LCA,USA,112672,112672,6A2DEC72-100C-4FFB-A57C-6D1D3F6B5E4F,6a2dec72-100c-4ffb-a57c-6d1d3f6b5e4f,Test2Member Altered,Test2Member Created,null,null,null,null,null,null,null,null,Test2Member Altered,Test2Member Created,null,null,null,null,null,null,113087,113087,Test2Member Created AddName,Test2Member Created AddName,Test2Member Created L1,Test2Member Created L1,Test2Member Created L2,Test2Member Created L2,null,null,Birmingham,Birmingham,Alabama,Alabama,ST LUCIA,UNITED STATES OF AMERICA,345443,345443,Test Case failed
76166,44902,44902,73326,73326,URY,URY,112671,112671,2CC631CD-630C-4184-89BB-E8FC62CAA581,2cc631cd-630c-4184-89bb-e8fc62caa581,Test1Member Updated,Test1Member Updated,null,null,null,null,null,null,null,null,Test1Member Updated,Test1Member Updated,null,null,null,null,null,null,113086,113086,Test1Member Created AddName,Test1Member Created AddName,Test1Member Created L1,Test1Member Created L1,Test1Member Created L2,Test1Member Created L2,null,null,Birmingham,Birmingham,Alabama,Alabama,URUGUAY,UNITED STATES OF AMERICA,35342,35342,Test Case failed
76165,44902,44902,73326,73326,URY,URY,112671,112671,2CC631CD-630C-4184-89BB-E8FC62CAA581,2cc631cd-630c-4184-89bb-e8fc62caa581,Test1Member Updated,Test1Member Updated,null,null,null,null,null,null,null,null,Test1Member Updated,Test1Member Updated,null,null,null,null,null,null,113086,113086,Test1Member Created AddName,Test1Member Created AddName,Test1Member Created L1,Test1Member Created L1,Test1Member Created L2,Test1Member Created L2,null,null,Birmingham,Birmingham,Alabama,Alabama,URUGUAY,UNITED STATES OF AMERICA,35342,35342,Test Case failed
76164,44902,44902,73326,73326,URY,URY,112671,112671,2CC631CD-630C-4184-89BB-E8FC62CAA581,2cc631cd-630c-4184-89bb-e8fc62caa581,Test1Member Updated,Test1Member Updated,null,null,null,null,null,null,null,null,Test1Member Updated,Test1Member Updated,null,null,null,null,null,null,113086,113086,Test1Member Created AddName,Test1Member Created AddName,Test1Member Created L1,Test1Member Created L1,Test1Member Created L2,Test1Member Created L2,null,null,Birmingham,Birmingham,Alabama,Alabama,URUGUAY,UNITED STATES OF AMERICA,35342,35342,Test Case failed
76163,44902,44902,73326,73326,URY,URY,112671,112671,2CC631CD-630C-4184-89BB-E8FC62CAA581,2cc631cd-630c-4184-89bb-e8fc62caa581,Test1Member Updated,Test1Member Updated,null,null,null,null,null,null,null,null,Test1Member Updated,Test1Member Updated,null,null,null,null,null,null,113086,113086,Test1Member Created AddName,Test1Member Created AddName,Test1Member Created L1,Test1Member Created L1,Test1Member Created L2,Test1Member Created L2,null,null,Birmingham,Birmingham,Alabama,Alabama,URUGUAY,UNITED STATES OF AMERICA,35342,35342,Test Case failed
76162,44902,44902,73326,73326,URY,USA,112671,112671,2CC631CD-630C-4184-89BB-E8FC62CAA581,2cc631cd-630c-4184-89bb-e8fc62caa581,Test1Member Updated,Test1Member Created,null,null,null,null,null,null,null,null,Test1Member Updated,Test1Member Created,null,null,null,null,null,null,113086,113086,Test1Member Created AddName,Test1Member Created AddName,Test1Member Created L1,Test1Member Created L1,Test1Member Created L2,Test1Member Created L2,null,null,Birmingham,Birmingham,Alabama,Alabama,URUGUAY,UNITED STATES OF AMERICA,35342,35342,Test Case failed
76161,44900,44900,73324,73324,USA,USA,112665,112665,ED5BD587-8C9F-48B4-B67B-0BA96914A6F9,ed5bd587-8c9f-48b4-b67b-0ba96914a6f9,Member For1044636,Member For1044636,null,null,null,null,null,null,null,null,Member For1044636,Member For1044636,null,null,null,null,null,null,113080,113080,Member For1044636 add name,Member For1044636 add name,Member For1044636 l1,Member For1044636 l1,Member For1044636 l2,Member For1044636 l2,null,null,birmingham,birmingham,alabama,alabama,UNITED STATES OF AMERICA,UNITED STATES OF AMERICA,87689,87689,Test Case Passed
76160,44899,44899,73323,73323,USA,USA,112662,112662,CD47BC76-1925-4344-B373-01000D5FDEF5,cd47bc76-1925-4344-b373-01000d5fdef5,Member For1044635,Member For1044635,null,null,null,null,null,null,null,null,Member For1044635,Member For1044635,null,null,null,null,null,null,113077,113077,Member For1044635 add name,Member For1044635 add name,Member For1044635 l1,Member For1044635 l1,Member For1044635 l2,Member For1044635 l2,null,null,Birmingham,Birmingham,Alabama,Alabama,UNITED STATES OF AMERICA,UNITED STATES OF AMERICA,8787,8787,Test Case Passed
76159,44898,44898,73322,73322,USA,USA,112659,112659,E2970BF6-306B-4FB2-994E-5703C5F4C045,e2970bf6-306b-4fb2-994e-5703c5f4c045,Member For1044634,Member For1044634,null,null,null,null,null,null,null,null,Member For1044634,Member For1044634,null,null,null,null,null,null,113074,113074,Member For1044634 add name,Member For1044634 add name,Member For1044634 l1,Member For1044634 l1,Member For1044634 l2,Member For1044634 l2,null,null,Birmingham,Birmingham,Alabama,Alabama,UNITED STATES OF AMERICA,UNITED STATES OF AMERICA,b37 7hg,b37 7hg,Test Case Passed
76158,44897,44897,73321,73321,USA,USA,112656,112656,7BB66BEA-E484-425F-93E0-CD85F75E7E80,7bb66bea-e484-425f-93e0-cd85f75e7e80,Member For1044633,Member For1044633,null,null,null,null,null,null,null,null,Member For1044633,Member For1044633,null,null,null,null,null,null,113071,113071,Member For1044633 Add Name,Member For1044633 Add Name,Member For1044633 L1,Member For1044633 L1,Member For1044633 L2,Member For1044633 L2,null,null,Birmingham,Birmingham,Alabama,Alabama,UNITED STATES OF AMERICA,UNITED STATES OF AMERICA,75778,75778,Test Case Passed
76157,44901,44901,73325,73325,USA,USA,112668,112668,32C9A59E-CCD5-4128-BC64-32F7556EE12A,32c9a59e-ccd5-4128-bc64-32f7556ee12a,Member for PartyCheck,Member for PartyCheck,null,null,null,null,null,null,null,null,Member for PartyCheck,Member for PartyCheck,null,null,null,null,null,null,113083,113083,Member for PartyCheck AddName,Member for PartyCheck AddName,Member for PartyCheck L1,Member for PartyCheck L1,Member for PartyCheck L2,Member for PartyCheck L2,null,null,Birmingham,Birmingham,Alabama,Alabama,UNITED STATES OF AMERICA,UNITED STATES OF AMERICA,866878,866878,Test Case Passed
76156,44901,44901,73325,73325,USA,USA,112668,112668,32C9A59E-CCD5-4128-BC64-32F7556EE12A,32c9a59e-ccd5-4128-bc64-32f7556ee12a,Member for PartyCheck,Member for PartyCheck,null,null,null,null,null,null,null,null,Member for PartyCheck,Member for PartyCheck,null,null,null,null,null,null,113083,113083,Member for PartyCheck AddName,Member for PartyCheck AddName,Member for PartyCheck L1,Member for PartyCheck L1,Member for PartyCheck L2,Member for PartyCheck L2,null,null,Birmingham,Birmingham,Alabama,Alabama,UNITED STATES OF AMERICA,UNITED STATES OF AMERICA,866878,866878,Test Case Passed
76155,44901,44901,73325,73325,USA,USA,112668,112668,32C9A59E-CCD5-4128-BC64-32F7556EE12A,32c9a59e-ccd5-4128-bc64-32f7556ee12a,Member for PartyCheck,Member for PartyCheck,null,null,null,null,null,null,null,null,Member for PartyCheck,Member for PartyCheck,null,null,null,null,null,null,113083,113083,Member for PartyCheck AddName,Member for PartyCheck AddName,Member for PartyCheck L1,Member for PartyCheck L1,Member for PartyCheck L2,Member for PartyCheck L2,null,null,Birmingham,Birmingham,Alabama,Alabama,UNITED STATES OF AMERICA,UNITED STATES OF AMERICA,866878,866878,Test Case Passed
76154,44901,44901,73325,73325,USA,USA,112668,112668,32C9A59E-CCD5-4128-BC64-32F7556EE12A,32c9a59e-ccd5-4128-bc64-32f7556ee12a,Member for PartyCheck,Member for PartyCheck,null,null,null,null,null,null,null,null,Member for PartyCheck,Member for PartyCheck,null,null,null,null,null,null,113083,113083,Member for PartyCheck AddName,Member for PartyCheck AddName,Member for PartyCheck L1,Member for PartyCheck L1,Member for PartyCheck L2,Member for PartyCheck L2,null,null,Birmingham,Birmingham,Alabama,Alabama,UNITED STATES OF AMERICA,UNITED STATES OF AMERICA,866878,866878,Test Case Passed
76151,44888,44888,73312,73312,GBR,GBR,112634,112634,E99DF00E-315B-4554-909A-233673A06432,e99df00e-315b-4554-909a-233673a06432,Member For155071,Member For155071,null,null,null,null,null,null,null,null,Member For155071,Member For155071,null,null,null,null,null,null,113049,113049,Member For155071 AddName,Member For155071 AddName,Member For155071 L1,Member For155071 L1,Member For155071 L2,Member For155071 L2,null,null,BHAM,BHAM,null,null,UNITED KINGDOM,UNITED KINGDOM,B37 7HG,B37 7HG,Test Case Passed
76150,44888,44888,73312,73312,GBR,GBR,112634,112634,E99DF00E-315B-4554-909A-233673A06432,e99df00e-315b-4554-909a-233673a06432,Member For155071,Member For155071,null,null,null,null,null,null,null,null,Member For155071,Member For155071,null,null,null,null,null,null,113049,113049,Member For155071 AddName,Member For155071 AddName,Member For155071 L1,Member For155071 L1,Member For155071 L2,Member For155071 L2,null,null,BHAM,BHAM,null,null,UNITED KINGDOM,UNITED KINGDOM,B37 7HG,B37 7HG,Test Case Passed
76149,44900,44900,73324,73324,USA,USA,112665,112665,ED5BD587-8C9F-48B4-B67B-0BA96914A6F9,ed5bd587-8c9f-48b4-b67b-0ba96914a6f9,Member For1044636,Member For1044636,null,null,null,null,null,null,null,null,Member For1044636,Member For1044636,null,null,null,null,null,null,113080,113080,Member For1044636 add name,Member For1044636 add name,Member For1044636 l1,Member For1044636 l1,Member For1044636 l2,Member For1044636 l2,null,null,birmingham,birmingham,alabama,alabama,UNITED STATES OF AMERICA,UNITED STATES OF AMERICA,87689,87689,Test Case Passed
76148,44899,44899,73323,73323,USA,USA,112662,112662,CD47BC76-1925-4344-B373-01000D5FDEF5,cd47bc76-1925-4344-b373-01000d5fdef5,Member For1044635,Member For1044635,null,null,null,null,null,null,null,null,Member For1044635,Member For1044635,null,null,null,null,null,null,113077,113077,Member For1044635 add name,Member For1044635 add name,Member For1044635 l1,Member For1044635 l1,Member For1044635 l2,Member For1044635 l2,null,null,Birmingham,Birmingham,Alabama,Alabama,UNITED STATES OF AMERICA,UNITED STATES OF AMERICA,8787,8787,Test Case Passed
76147,44898,44898,73322,73322,USA,USA,112659,112659,E2970BF6-306B-4FB2-994E-5703C5F4C045,e2970bf6-306b-4fb2-994e-5703c5f4c045,Member For1044634,Member For1044634,null,null,null,null,null,null,null,null,Member For1044634,Member For1044634,null,null,null,null,null,null,113074,113074,Member For1044634 add name,Member For1044634 add name,Member For1044634 l1,Member For1044634 l1,Member For1044634 l2,Member For1044634 l2,null,null,Birmingham,Birmingham,Alabama,Alabama,UNITED STATES OF AMERICA,UNITED STATES OF AMERICA,b37 7hg,b37 7hg,Test Case Passed
76146,44897,44897,73321,73321,USA,USA,112656,112656,7BB66BEA-E484-425F-93E0-CD85F75E7E80,7bb66bea-e484-425f-93e0-cd85f75e7e80,Member For1044633,Member For1044633,null,null,null,null,null,null,null,null,Member For1044633,Member For1044633,null,null,null,null,null,null,113071,113071,Member For1044633 Add Name,Member For1044633 Add Name,Member For1044633 L1,Member For1044633 L1,Member For1044633 L2,Member For1044633 L2,null,null,Birmingham,Birmingham,Alabama,Alabama,UNITED STATES OF AMERICA,UNITED STATES OF AMERICA,75778,75778,Test Case Passed
76145,44896,44896,73320,73320,USA,USA,112655,112655,D2699843-2A67-4E29-984C-1DB4D429497A,d2699843-2a67-4e29-984c-1db4d429497a,NewMember For1044632,NewMember For1044632,null,null,null,null,null,null,null,null,NewMember For1044632,NewMember For1044632,null,null,null,null,null,null,113070,113070,NewMember For1044632 Add Name,NewMember For1044632 Add Name,NewMember For1044632 L1,NewMember For1044632 L1,NewMember For1044632 L2,NewMember For1044632 L2,null,null,Birmingham,Birmingham,Alabama,Alabama,UNITED STATES OF AMERICA,UNITED STATES OF AMERICA,632743,632743,Test Case Passed
76144,44896,44896,73320,73320,USA,USA,112655,112655,D2699843-2A67-4E29-984C-1DB4D429497A,d2699843-2a67-4e29-984c-1db4d429497a,NewMember For1044632,NewMember For1044632,null,null,null,null,null,null,null,null,NewMember For1044632,NewMember For1044632,null,null,null,null,null,null,113070,113070,NewMember For1044632 Add Name,NewMember For1044632 Add Name,NewMember For1044632 L1,NewMember For1044632 L1,NewMember For1044632 L2,NewMember For1044632 L2,null,null,Birmingham,Birmingham,Alabama,Alabama,UNITED STATES OF AMERICA,UNITED STATES OF AMERICA,632743,632743,Test Case Passed
76143,44889,44889,73313,73313,GBR,GBR,112640,112640,810FBFEB-BF0D-4C04-9351-E768C52EE5A0,810fbfeb-bf0d-4c04-9351-e768c52ee5a0,Member For1044613,Member For1044613,null,null,null,null,null,null,null,null,Member For1044613,Member For1044613,null,null,null,null,null,null,113055,113055,Member For1044613 AddName,Member For1044613 AddName,Member For1044613 L1,Member For1044613 L1,Member For1044613 L2,Member For1044613 L2,null,null,Birminham,Birminham,null,null,UNITED KINGDOM,UNITED KINGDOM,B37 7HG,B37 7HG,Test Case Passed
76142,44889,44889,73313,73313,GBR,GBR,112640,112640,810FBFEB-BF0D-4C04-9351-E768C52EE5A0,810fbfeb-bf0d-4c04-9351-e768c52ee5a0,Member For1044613,Member For1044613,null,null,null,null,null,null,null,null,Member For1044613,Member For1044613,null,null,null,null,null,null,113055,113055,Member For1044613 AddName,Member For1044613 AddName,Member For1044613 L1,Member For1044613 L1,Member For1044613 L2,Member For1044613 L2,null,null,Birminham,Birminham,null,null,UNITED KINGDOM,UNITED KINGDOM,B37 7HG,B37 7HG,Test Case Passed
76141,44895,44895,73319,73319,URY,URY,112654,112654,FD951E27-7E32-4A5B-8E56-78B4EA459007,fd951e27-7e32-4a5b-8e56-78b4ea459007,RevisedMember Name1044630,RevisedMember Name1044630,null,null,null,null,null,null,null,null,RevisedMember Name1044630,RevisedMember Name1044630,null,null,null,null,null,null,113069,113069,StartMember Name1044630 AddName,StartMember Name1044630 AddName,StartMember Name1044630 L1,StartMember Name1044630 L1,StartMember Name1044630 L2,StartMember Name1044630 L2,null,null,Birmingham,Birmingham,Alabama,Alabama,URUGUAY,UNITED STATES OF AMERICA,2134342,2134342,Test Case failed
76140,44895,44895,73319,73319,URY,USA,112654,112654,FD951E27-7E32-4A5B-8E56-78B4EA459007,fd951e27-7e32-4a5b-8e56-78b4ea459007,RevisedMember Name1044630,StartMember Name1044630,null,null,null,null,null,null,null,null,RevisedMember Name1044630,StartMember Name1044630,null,null,null,null,null,null,113069,113069,StartMember Name1044630 AddName,StartMember Name1044630 AddName,StartMember Name1044630 L1,StartMember Name1044630 L1,StartMember Name1044630 L2,StartMember Name1044630 L2,null,null,Birmingham,Birmingham,Alabama,Alabama,URUGUAY,UNITED STATES OF AMERICA,2134342,2134342,Test Case failed
76139,44891,44891,73315,73315,GBR,GBR,112644,112644,D270456E-3B1F-4736-8900-838BAB8E7A6C,d270456e-3b1f-4736-8900-838bab8e7a6c,Member For1044615,Member For1044615,null,null,null,null,null,null,null,null,Member For1044615,Member For1044615,a.o.com,a.o.com,+44558855226,+44558855226,+44552211885,+44552211885,113059,113059,Member For1044615AddName,Member For1044615AddName,Member For1044615 L1`,Member For1044615 L1`,Member For1044615 L2,Member For1044615 L2,null,null,Birmingham,Birmingham,null,null,UNITED KINGDOM,UNITED KINGDOM,B37 7HG,B37 7HG,Test Case Passed
76138,44891,44891,73315,73315,GBR,GBR,112644,112644,D270456E-3B1F-4736-8900-838BAB8E7A6C,d270456e-3b1f-4736-8900-838bab8e7a6c,Member For1044615,Member For1044615,null,null,null,null,null,null,null,null,Member For1044615,Member For1044615,a.o.com,a.o.com,+44558855226,+44558855226,+44552211885,+44552211885,113059,113059,Member For1044615AddName,Member For1044615AddName,Member For1044615 L1`,Member For1044615 L1`,Member For1044615 L2,Member For1044615 L2,null,null,Birmingham,Birmingham,null,null,UNITED KINGDOM,UNITED KINGDOM,B37 7HG,B37 7HG,Test Case Passed
76137,44894,44894,73318,73318,GBR,GBR,112652,112652,6E0367F3-6D15-4687-94C3-D7771E456BCC,6e0367f3-6d15-4687-94c3-d7771e456bcc,Updated Member Name,Updated Member Name,null,null,null,null,null,null,null,null,Updated Member Name,Updated Member Name,null,null,null,null,null,null,113067,113067,Member ForMTARenewals AddName,Member ForMTARenewals AddName,Member ForMTARenewals L1,Member ForMTARenewals L1,Member ForMTARenewals L2,Member ForMTARenewals L2,null,null,Birmingham,Birmingham,null,null,UNITED KINGDOM,UNITED KINGDOM,B37 7HG,B37 7HG,Test Case Passed
76136,44894,44894,73318,73318,GBR,GBR,112652,112652,6E0367F3-6D15-4687-94C3-D7771E456BCC,6e0367f3-6d15-4687-94c3-d7771e456bcc,Updated Member Name,Member ForMTARenewals,null,null,null,null,null,null,null,null,Updated Member Name,Member ForMTARenewals,null,null,null,null,null,null,113067,113067,Member ForMTARenewals AddName,Member ForMTARenewals AddName,Member ForMTARenewals L1,Member ForMTARenewals L1,Member ForMTARenewals L2,Member ForMTARenewals L2,null,null,Birmingham,Birmingham,null,null,UNITED KINGDOM,UNITED KINGDOM,B37 7HG,B37 7HG,Test Case failed
76135,44893,44893,73317,73317,GBR,GBR,112649,112649,3BAD2FF4-2870-441B-B986-6242C959E930,3bad2ff4-2870-441b-b986-6242c959e930,MemberFor RenewalOne,MemberFor RenewalOne,null,null,null,null,null,null,null,null,MemberFor RenewalOne,MemberFor RenewalOne,null,null,null,null,null,null,113064,113064,MemberFor RenewalOne AddName,MemberFor RenewalOne AddName,MemberFor RenewalOne L1,MemberFor RenewalOne L1,MemberFor RenewalOne L2,MemberFor RenewalOne L2,null,null,Birmingham,Birmingham,null,null,UNITED KINGDOM,UNITED KINGDOM,B37 7HG,B37 7HG,Test Case Passed
76134,44893,44893,73317,73317,GBR,GBR,112649,112649,3BAD2FF4-2870-441B-B986-6242C959E930,3bad2ff4-2870-441b-b986-6242c959e930,MemberFor RenewalOne,MemberFor RenewalOne,null,null,null,null,null,null,null,null,MemberFor RenewalOne,MemberFor RenewalOne,null,null,null,null,null,null,113064,113064,MemberFor RenewalOne AddName,MemberFor RenewalOne AddName,MemberFor RenewalOne L1,MemberFor RenewalOne L1,MemberFor RenewalOne L2,MemberFor RenewalOne L2,null,null,Birmingham,Birmingham,null,null,UNITED KINGDOM,UNITED KINGDOM,B37 7HG,B37 7HG,Test Case Passed
76131,44893,44893,73317,73317,GBR,GBR,112649,112649,3BAD2FF4-2870-441B-B986-6242C959E930,3bad2ff4-2870-441b-b986-6242c959e930,MemberFor RenewalOne,MemberFor RenewalOne,null,null,null,null,null,null,null,null,MemberFor RenewalOne,MemberFor RenewalOne,null,null,null,null,null,null,113064,113064,MemberFor RenewalOne AddName,MemberFor RenewalOne AddName,MemberFor RenewalOne L1,MemberFor RenewalOne L1,MemberFor RenewalOne L2,MemberFor RenewalOne L2,null,null,Birmingham,Birmingham,null,null,UNITED KINGDOM,UNITED KINGDOM,B37 7HG,B37 7HG,Test Case Passed
76130,44893,44893,73317,73317,GBR,GBR,112649,112649,3BAD2FF4-2870-441B-B986-6242C959E930,3bad2ff4-2870-441b-b986-6242c959e930,MemberFor RenewalOne,MemberFor RenewalOne,null,null,null,null,null,null,null,null,MemberFor RenewalOne,MemberFor RenewalOne,null,null,null,null,null,null,113064,113064,MemberFor RenewalOne AddName,MemberFor RenewalOne AddName,MemberFor RenewalOne L1,MemberFor RenewalOne L1,MemberFor RenewalOne L2,MemberFor RenewalOne L2,null,null,Birmingham,Birmingham,null,null,UNITED KINGDOM,UNITED KINGDOM,B37 7HG,B37 7HG,Test Case Passed
76129,44893,44893,73317,73317,GBR,GBR,112649,112649,3BAD2FF4-2870-441B-B986-6242C959E930,3bad2ff4-2870-441b-b986-6242c959e930,MemberFor RenewalOne,MemberFor RenewalOne,null,null,null,null,null,null,null,null,MemberFor RenewalOne,MemberFor RenewalOne,null,null,null,null,null,null,113064,113064,MemberFor RenewalOne AddName,MemberFor RenewalOne AddName,MemberFor RenewalOne L1,MemberFor RenewalOne L1,MemberFor RenewalOne L2,MemberFor RenewalOne L2,null,null,Birmingham,Birmingham,null,null,UNITED KINGDOM,UNITED KINGDOM,B37 7HG,B37 7HG,Test Case Passed
76128,44893,44893,73317,73317,GBR,GBR,112649,112649,3BAD2FF4-2870-441B-B986-6242C959E930,3bad2ff4-2870-441b-b986-6242c959e930,MemberFor RenewalOne,MemberFor RenewalOne,null,null,null,null,null,null,null,null,MemberFor RenewalOne,MemberFor RenewalOne,null,null,null,null,null,null,113064,113064,MemberFor RenewalOne AddName,MemberFor RenewalOne AddName,MemberFor RenewalOne L1,MemberFor RenewalOne L1,MemberFor RenewalOne L2,MemberFor RenewalOne L2,null,null,Birmingham,Birmingham,null,null,UNITED KINGDOM,UNITED KINGDOM,B37 7HG,B37 7HG,Test Case Passed
76127,44893,44893,73317,73317,GBR,GBR,112649,112649,3BAD2FF4-2870-441B-B986-6242C959E930,3bad2ff4-2870-441b-b986-6242c959e930,MemberFor RenewalOne,MemberFor RenewalOne,null,null,null,null,null,null,null,null,MemberFor RenewalOne,MemberFor RenewalOne,null,null,null,null,null,null,113064,113064,MemberFor RenewalOne AddName,MemberFor RenewalOne AddName,MemberFor RenewalOne L1,MemberFor RenewalOne L1,MemberFor RenewalOne L2,MemberFor RenewalOne L2,null,null,Birmingham,Birmingham,null,null,UNITED KINGDOM,UNITED KINGDOM,B37 7HG,B37 7HG,Test Case Passed
76126,44893,44893,73317,73317,GBR,GBR,112649,112649,3BAD2FF4-2870-441B-B986-6242C959E930,3bad2ff4-2870-441b-b986-6242c959e930,MemberFor RenewalOne,MemberFor RenewalOne,null,null,null,null,null,null,null,null,MemberFor RenewalOne,MemberFor RenewalOne,null,null,null,null,null,null,113064,113064,MemberFor RenewalOne AddName,MemberFor RenewalOne AddName,MemberFor RenewalOne L1,MemberFor RenewalOne L1,MemberFor RenewalOne L2,MemberFor RenewalOne L2,null,null,Birmingham,Birmingham,null,null,UNITED KINGDOM,UNITED KINGDOM,B37 7HG,B37 7HG,Test Case Passed
76125,44893,44893,73317,73317,GBR,GBR,112649,112649,3BAD2FF4-2870-441B-B986-6242C959E930,3bad2ff4-2870-441b-b986-6242c959e930,MemberFor RenewalOne,MemberFor RenewalOne,null,null,null,null,null,null,null,null,MemberFor RenewalOne,MemberFor RenewalOne,null,null,null,null,null,null,113064,113064,MemberFor RenewalOne AddName,MemberFor RenewalOne AddName,MemberFor RenewalOne L1,MemberFor RenewalOne L1,MemberFor RenewalOne L2,MemberFor RenewalOne L2,null,null,Birmingham,Birmingham,null,null,UNITED KINGDOM,UNITED KINGDOM,B37 7HG,B37 7HG,Test Case Passed
76124,44893,44893,73317,73317,GBR,GBR,112649,112649,3BAD2FF4-2870-441B-B986-6242C959E930,3bad2ff4-2870-441b-b986-6242c959e930,MemberFor RenewalOne,MemberFor RenewalOne,null,null,null,null,null,null,null,null,MemberFor RenewalOne,MemberFor RenewalOne,null,null,null,null,null,null,113064,113064,MemberFor RenewalOne AddName,MemberFor RenewalOne AddName,MemberFor RenewalOne L1,MemberFor RenewalOne L1,MemberFor RenewalOne L2,MemberFor RenewalOne L2,null,null,Birmingham,Birmingham,null,null,UNITED KINGDOM,UNITED KINGDOM,B37 7HG,B37 7HG,Test Case Passed
76123,44893,44893,73317,73317,GBR,GBR,112649,112649,3BAD2FF4-2870-441B-B986-6242C959E930,3bad2ff4-2870-441b-b986-6242c959e930,MemberFor RenewalOne,MemberFor RenewalOne,null,null,null,null,null,null,null,null,MemberFor RenewalOne,MemberFor RenewalOne,null,null,null,null,null,null,113064,113064,MemberFor RenewalOne AddName,MemberFor RenewalOne AddName,MemberFor RenewalOne L1,MemberFor RenewalOne L1,MemberFor RenewalOne L2,MemberFor RenewalOne L2,null,null,Birmingham,Birmingham,null,null,UNITED KINGDOM,UNITED KINGDOM,B37 7HG,B37 7HG,Test Case Passed
76122,44893,44893,73317,73317,GBR,GBR,112649,112649,3BAD2FF4-2870-441B-B986-6242C959E930,3bad2ff4-2870-441b-b986-6242c959e930,MemberFor RenewalOne,MemberFor RenewalOne,null,null,null,null,null,null,null,null,MemberFor RenewalOne,MemberFor RenewalOne,null,null,null,null,null,null,113064,113064,MemberFor RenewalOne AddName,MemberFor RenewalOne AddName,MemberFor RenewalOne L1,MemberFor RenewalOne L1,MemberFor RenewalOne L2,MemberFor RenewalOne L2,null,null,Birmingham,Birmingham,null,null,UNITED KINGDOM,UNITED KINGDOM,B37 7HG,B37 7HG,Test Case Passed
76121,44893,44893,73317,73317,GBR,GBR,112649,112649,3BAD2FF4-2870-441B-B986-6242C959E930,3bad2ff4-2870-441b-b986-6242c959e930,MemberFor RenewalOne,MemberFor RenewalOne,null,null,null,null,null,null,null,null,MemberFor RenewalOne,MemberFor RenewalOne,null,null,null,null,null,null,113064,113064,MemberFor RenewalOne AddName,MemberFor RenewalOne AddName,MemberFor RenewalOne L1,MemberFor RenewalOne L1,MemberFor RenewalOne L2,MemberFor RenewalOne L2,null,null,Birmingham,Birmingham,null,null,UNITED KINGDOM,UNITED KINGDOM,B37 7HG,B37 7HG,Test Case Passed
76120,44893,44893,73317,73317,GBR,GBR,112649,112649,3BAD2FF4-2870-441B-B986-6242C959E930,3bad2ff4-2870-441b-b986-6242c959e930,MemberFor RenewalOne,MemberFor RenewalOne,null,null,null,null,null,null,null,null,MemberFor RenewalOne,MemberFor RenewalOne,null,null,null,null,null,null,113064,113064,MemberFor RenewalOne AddName,MemberFor RenewalOne AddName,MemberFor RenewalOne L1,MemberFor RenewalOne L1,MemberFor RenewalOne L2,MemberFor RenewalOne L2,null,null,Birmingham,Birmingham,null,null,UNITED KINGDOM,UNITED KINGDOM,B37 7HG,B37 7HG,Test Case Passed
76119,44892,44892,73316,73316,GBR,GBR,112645,112645,5271874F-2CCC-41B0-B735-DEB5F7E5E4DE,5271874f-2ccc-41b0-b735-deb5f7e5e4de,Member For1044616 ,Member For1044616 ,null,null,null,null,null,null,null,null,Member For1044616 ,Member For1044616 ,null,null,null,null,null,null,113060,113060,Member For1044616  AddName,Member For1044616  AddName,Member For1044616 L1,Member For1044616 L1,Member For1044616 L2,Member For1044616 L2,null,null,Birmingham,Birmingham,null,null,UNITED KINGDOM,UNITED KINGDOM,B37 7HG,B37 7HG,Test Case Passed
76118,44892,44892,73316,73316,GBR,GBR,112645,112645,5271874F-2CCC-41B0-B735-DEB5F7E5E4DE,5271874f-2ccc-41b0-b735-deb5f7e5e4de,Member For1044616 ,Member For1044616 ,null,null,null,null,null,null,null,null,Member For1044616 ,Member For1044616 ,null,null,null,null,null,null,113060,113060,Member For1044616  AddName,Member For1044616  AddName,Member For1044616 L1,Member For1044616 L1,Member For1044616 L2,Member For1044616 L2,null,null,Birmingham,Birmingham,null,null,UNITED KINGDOM,UNITED KINGDOM,B37 7HG,B37 7HG,Test Case Passed
76117,44892,44892,73316,73316,GBR,GBR,112645,112645,5271874F-2CCC-41B0-B735-DEB5F7E5E4DE,5271874f-2ccc-41b0-b735-deb5f7e5e4de,Member For1044616 ,Member For1044616 ,null,null,null,null,null,null,null,null,Member For1044616 ,Member For1044616 ,null,null,null,null,null,null,113060,113060,Member For1044616  AddName,Member For1044616  AddName,Member For1044616 L1,Member For1044616 L1,Member For1044616 L2,Member For1044616 L2,null,null,Birmingham,Birmingham,null,null,UNITED KINGDOM,UNITED KINGDOM,B37 7HG,B37 7HG,Test Case Passed
76116,44892,44892,73316,73316,GBR,GBR,112645,112645,5271874F-2CCC-41B0-B735-DEB5F7E5E4DE,5271874f-2ccc-41b0-b735-deb5f7e5e4de,Member For1044616 ,Member For1044616 ,null,null,null,null,null,null,null,null,Member For1044616 ,Member For1044616 ,null,null,null,null,null,null,113060,113060,Member For1044616  AddName,Member For1044616  AddName,Member For1044616 L1,Member For1044616 L1,Member For1044616 L2,Member For1044616 L2,null,null,Birmingham,Birmingham,null,null,UNITED KINGDOM,UNITED KINGDOM,B37 7HG,B37 7HG,Test Case Passed
76115,44892,44892,73316,73316,GBR,GBR,112645,112645,5271874F-2CCC-41B0-B735-DEB5F7E5E4DE,5271874f-2ccc-41b0-b735-deb5f7e5e4de,Member For1044616 ,Member For1044616 ,null,null,null,null,null,null,null,null,Member For1044616 ,Member For1044616 ,null,null,null,null,null,null,113060,113060,Member For1044616  AddName,Member For1044616  AddName,Member For1044616 L1,Member For1044616 L1,Member For1044616 L2,Member For1044616 L2,null,null,Birmingham,Birmingham,null,null,UNITED KINGDOM,UNITED KINGDOM,B37 7HG,B37 7HG,Test Case Passed
76114,44892,44892,73316,73316,GBR,GBR,112645,112645,5271874F-2CCC-41B0-B735-DEB5F7E5E4DE,5271874f-2ccc-41b0-b735-deb5f7e5e4de,Member For1044616 ,Member For1044616 ,null,null,null,null,null,null,null,null,Member For1044616 ,Member For1044616 ,null,null,null,null,null,null,113060,113060,Member For1044616  AddName,Member For1044616  AddName,Member For1044616 L1,Member For1044616 L1,Member For1044616 L2,Member For1044616 L2,null,null,Birmingham,Birmingham,null,null,UNITED KINGDOM,UNITED KINGDOM,B37 7HG,B37 7HG,Test Case Passed
76113,44892,44892,73316,73316,GBR,GBR,112645,112645,5271874F-2CCC-41B0-B735-DEB5F7E5E4DE,5271874f-2ccc-41b0-b735-deb5f7e5e4de,Member For1044616 ,Member For1044616 ,null,null,null,null,null,null,null,null,Member For1044616 ,Member For1044616 ,null,null,null,null,null,null,113060,113060,Member For1044616  AddName,Member For1044616  AddName,Member For1044616 L1,Member For1044616 L1,Member For1044616 L2,Member For1044616 L2,null,null,Birmingham,Birmingham,null,null,UNITED KINGDOM,UNITED KINGDOM,B37 7HG,B37 7HG,Test Case Passed
76112,44892,44892,73316,73316,GBR,GBR,112645,112645,5271874F-2CCC-41B0-B735-DEB5F7E5E4DE,5271874f-2ccc-41b0-b735-deb5f7e5e4de,Member For1044616 ,Member For1044616 ,null,null,null,null,null,null,null,null,Member For1044616 ,Member For1044616 ,null,null,null,null,null,null,113060,113060,Member For1044616  AddName,Member For1044616  AddName,Member For1044616 L1,Member For1044616 L1,Member For1044616 L2,Member For1044616 L2,null,null,Birmingham,Birmingham,null,null,UNITED KINGDOM,UNITED KINGDOM,B37 7HG,B37 7HG,Test Case Passed
76111,44891,44891,73315,73315,GBR,GBR,112644,112644,D270456E-3B1F-4736-8900-838BAB8E7A6C,d270456e-3b1f-4736-8900-838bab8e7a6c,Member For1044615,Member For1044615,null,null,null,null,null,null,null,null,Member For1044615,Member For1044615,a.o.com,a.o.com,+44558855226,+44558855226,+44552211885,+44552211885,113059,113059,Member For1044615AddName,Member For1044615AddName,Member For1044615 L1`,Member For1044615 L1`,Member For1044615 L2,Member For1044615 L2,null,null,Birmingham,Birmingham,null,null,UNITED KINGDOM,UNITED KINGDOM,B37 7HG,B37 7HG,Test Case Passed
76110,44891,44891,73315,73315,GBR,GBR,112644,112644,D270456E-3B1F-4736-8900-838BAB8E7A6C,d270456e-3b1f-4736-8900-838bab8e7a6c,Member For1044615,Member For1044615,null,null,null,null,null,null,null,null,Member For1044615,Member For1044615,a.o.com,a.o.com,+44558855226,+44558855226,+44552211885,+44552211885,113059,113059,Member For1044615AddName,Member For1044615AddName,Member For1044615 L1`,Member For1044615 L1`,Member For1044615 L2,Member For1044615 L2,null,null,Birmingham,Birmingham,null,null,UNITED KINGDOM,UNITED KINGDOM,B37 7HG,B37 7HG,Test Case Passed
76109,44890,44890,73314,73314,GBR,GBR,112642,112642,E1162E2B-5634-4EE4-BBCF-5DD5B79329B6,e1162e2b-5634-4ee4-bbcf-5dd5b79329b6,Member For1044614,Member For1044614,null,null,null,null,null,null,null,null,Member For1044614,Member For1044614,null,null,null,null,null,null,113057,113057,Member For1044614 AddName,Member For1044614 AddName,Member For1044614 L1,Member For1044614 L1,Member For1044614 L2,Member For1044614 L2,null,null,Birmingham,Birmingham,null,null,UNITED KINGDOM,UNITED KINGDOM,B37 7HG,B37 7HG,Test Case Passed
76108,44890,44890,73314,73314,GBR,GBR,112642,112642,E1162E2B-5634-4EE4-BBCF-5DD5B79329B6,e1162e2b-5634-4ee4-bbcf-5dd5b79329b6,Member For1044614,Member For1044614,null,null,null,null,null,null,null,null,Member For1044614,Member For1044614,null,null,null,null,null,null,113057,113057,Member For1044614 AddName,Member For1044614 AddName,Member For1044614 L1,Member For1044614 L1,Member For1044614 L2,Member For1044614 L2,null,null,Birmingham,Birmingham,null,null,UNITED KINGDOM,UNITED KINGDOM,B37 7HG,B37 7HG,Test Case Passed
76107,44889,44889,73313,73313,GBR,GBR,112640,112640,810FBFEB-BF0D-4C04-9351-E768C52EE5A0,810fbfeb-bf0d-4c04-9351-e768c52ee5a0,Member For1044613,Member For1044613,null,null,null,null,null,null,null,null,Member For1044613,Member For1044613,null,null,null,null,null,null,113055,113055,Member For1044613 AddName,Member For1044613 AddName,Member For1044613 L1,Member For1044613 L1,Member For1044613 L2,Member For1044613 L2,null,null,Birminham,Birminham,null,null,UNITED KINGDOM,UNITED KINGDOM,B37 7HG,B37 7HG,Test Case Passed
76106,44889,44889,73313,73313,GBR,GBR,112640,112640,810FBFEB-BF0D-4C04-9351-E768C52EE5A0,810fbfeb-bf0d-4c04-9351-e768c52ee5a0,Member For1044613,Member For1044613,null,null,null,null,null,null,null,null,Member For1044613,Member For1044613,null,null,null,null,null,null,113055,113055,Member For1044613 AddName,Member For1044613 AddName,Member For1044613 L1,Member For1044613 L1,Member For1044613 L2,Member For1044613 L2,null,null,Birminham,Birminham,null,null,UNITED KINGDOM,UNITED KINGDOM,B37 7HG,B37 7HG,Test Case Passed
76105,44888,44888,73312,73312,GBR,GBR,112634,112634,E99DF00E-315B-4554-909A-233673A06432,e99df00e-315b-4554-909a-233673a06432,Member For155071,Member For155071,null,null,null,null,null,null,null,null,Member For155071,Member For155071,null,null,null,null,null,null,113049,113049,Member For155071 AddName,Member For155071 AddName,Member For155071 L1,Member For155071 L1,Member For155071 L2,Member For155071 L2,null,null,BHAM,BHAM,null,null,UNITED KINGDOM,UNITED KINGDOM,B37 7HG,B37 7HG,Test Case Passed
76104,44888,44888,73312,73312,GBR,GBR,112634,112634,E99DF00E-315B-4554-909A-233673A06432,e99df00e-315b-4554-909a-233673a06432,Member For155071,Member For155071,null,null,null,null,null,null,null,null,Member For155071,Member For155071,null,null,null,null,null,null,113049,113049,Member For155071 AddName,Member For155071 AddName,Member For155071 L1,Member For155071 L1,Member For155071 L2,Member For155071 L2,null,null,BHAM,BHAM,null,null,UNITED KINGDOM,UNITED KINGDOM,B37 7HG,B37 7HG,Test Case Passed
76103,44888,44888,73312,73312,GBR,GBR,112634,112634,E99DF00E-315B-4554-909A-233673A06432,e99df00e-315b-4554-909a-233673a06432,Member For155071,Member For155071,null,null,null,null,null,null,null,null,Member For155071,Member For155071,null,null,null,null,null,null,113049,113049,Member For155071 AddName,Member For155071 AddName,Member For155071 L1,Member For155071 L1,Member For155071 L2,Member For155071 L2,null,null,BHAM,BHAM,null,null,UNITED KINGDOM,UNITED KINGDOM,B37 7HG,B37 7HG,Test Case Passed
76102,44888,44888,73312,73312,GBR,GBR,112634,112634,E99DF00E-315B-4554-909A-233673A06432,e99df00e-315b-4554-909a-233673a06432,Member For155071,Member For155071,null,null,null,null,null,null,null,null,Member For155071,Member For155071,null,null,null,null,null,null,113049,113049,Member For155071 AddName,Member For155071 AddName,Member For155071 L1,Member For155071 L1,Member For155071 L2,Member For155071 L2,null,null,BHAM,BHAM,null,null,UNITED KINGDOM,UNITED KINGDOM,B37 7HG,B37 7HG,Test Case Passed
76101,44888,44888,73312,73312,GBR,GBR,112634,112634,E99DF00E-315B-4554-909A-233673A06432,e99df00e-315b-4554-909a-233673a06432,Member For155071,Member For155071,null,null,null,null,null,null,null,null,Member For155071,Member For155071,null,null,null,null,null,null,113049,113049,Member For155071 AddName,Member For155071 AddName,Member For155071 L1,Member For155071 L1,Member For155071 L2,Member For155071 L2,null,null,BHAM,BHAM,null,null,UNITED KINGDOM,UNITED KINGDOM,B37 7HG,B37 7HG,Test Case Passed
76100,44888,44888,73312,73312,GBR,GBR,112634,112634,E99DF00E-315B-4554-909A-233673A06432,e99df00e-315b-4554-909a-233673a06432,Member For155071,Member For155071,null,null,null,null,null,null,null,null,Member For155071,Member For155071,null,null,null,null,null,null,113049,113049,Member For155071 AddName,Member For155071 AddName,Member For155071 L1,Member For155071 L1,Member For155071 L2,Member For155071 L2,null,null,BHAM,BHAM,null,null,UNITED KINGDOM,UNITED KINGDOM,B37 7HG,B37 7HG,Test Case Passed
76099,44888,44888,73312,73312,GBR,GBR,112634,112634,E99DF00E-315B-4554-909A-233673A06432,e99df00e-315b-4554-909a-233673a06432,Member For155071,Member For155071,null,null,null,null,null,null,null,null,Member For155071,Member For155071,null,null,null,null,null,null,113049,113049,Member For155071 AddName,Member For155071 AddName,Member For155071 L1,Member For155071 L1,Member For155071 L2,Member For155071 L2,null,null,BHAM,BHAM,null,null,UNITED KINGDOM,UNITED KINGDOM,B37 7HG,B37 7HG,Test Case Passed
76098,44888,44888,73312,73312,GBR,GBR,112634,112634,E99DF00E-315B-4554-909A-233673A06432,e99df00e-315b-4554-909a-233673a06432,Member For155071,Member For155071,null,null,null,null,null,null,null,null,Member For155071,Member For155071,null,null,null,null,null,null,113049,113049,Member For155071 AddName,Member For155071 AddName,Member For155071 L1,Member For155071 L1,Member For155071 L2,Member For155071 L2,null,null,BHAM,BHAM,null,null,UNITED KINGDOM,UNITED KINGDOM,B37 7HG,B37 7HG,Test Case Passed
76097,44887,44887,73311,73311,AFG,AFG,112632,112632,DD5458C0-A762-4655-98BF-C29866FB8B02,dd5458c0-a762-4655-98bf-c29866fb8b02,PaulsNewMember,PaulsNewMember,null,null,null,null,null,null,null,null,PaulsNewMember,PaulsNewMember,null,null,null,null,null,null,113047,113047,3,3,null,null,null,null,null,null,a place,a place,null,null,AFGHANISTAN,AFGHANISTAN,null,null,Test Case Passed
76096,44887,44887,73311,73311,AFG,AFG,112632,112632,DD5458C0-A762-4655-98BF-C29866FB8B02,dd5458c0-a762-4655-98bf-c29866fb8b02,PaulsNewMember,PaulsNewMember,null,null,null,null,null,null,null,null,PaulsNewMember,PaulsNewMember,null,null,null,null,null,null,113047,113047,3,3,null,null,null,null,null,null,a place,a place,null,null,AFGHANISTAN,AFGHANISTAN,null,null,Test Case Passed
76095,32609,44887,54000,73311,CAN,AFG,33118,112632,71D0AB22-021C-E311-9441-001F29E68CCE,dd5458c0-a762-4655-98bf-c29866fb8b02,Andrew Scott,PaulsNewMember,null,null,null,null,null,null,Andrew Scott,null,Andrew Scott,PaulsNewMember,--,null,null,null,null,null,11714,113047,PO Box 294  203 Tacan Road,3,null,null,null,null,null,null,Sandspit,a place,BC,null,CANADA,AFGHANISTAN,V0T 1T0,null,Test Case failed
76095,44887,44887,73311,73311,AFG,AFG,112632,112632,DD5458C0-A762-4655-98BF-C29866FB8B02,dd5458c0-a762-4655-98bf-c29866fb8b02,PaulsNewMember,PaulsNewMember,null,null,null,null,null,null,null,null,PaulsNewMember,PaulsNewMember,null,null,null,null,null,null,113047,113047,3,3,null,null,null,null,null,null,a place,a place,null,null,AFGHANISTAN,AFGHANISTAN,null,null,Test Case Passed
76094,44886,44886,73310,73310,AFG,AFG,112630,112630,0264486D-1CBE-4D7E-978F-65FE276542CB,0264486d-1cbe-4d7e-978f-65fe276542cb,Paul Productions,Paul Productions,null,null,null,null,null,null,null,null,Paul Productions,Paul Productions,null,null,087843875785474539,087843875785474539,null,null,113045,113045,23 Rainbow Drive,23 Rainbow Drive,Somewhere,Somewhere,over the,over the,Rainbow,Rainbow,Noah City,Noah City,Noah State,Noah State,AFGHANISTAN,ISRAEL,NH,NH,Test Case failed
76093,44886,44886,73310,73310,AFG,AFG,112630,112630,0264486D-1CBE-4D7E-978F-65FE276542CB,0264486d-1cbe-4d7e-978f-65fe276542cb,Paul Productions,Pfander,null,null,null,null,null,null,null,null,Paul Productions,Pfander,null,null,087843875785474539,087843875785474539,null,null,113045,113045,23 Rainbow Drive,23 Rainbow Drive,Somewhere,Somewhere,over the,over the,Rainbow,Rainbow,Noah City,Noah City,Noah State,Noah State,AFGHANISTAN,ISRAEL,NH,NH,Test Case failed
76092,44885,44885,73309,73309,AFG,AFG,112629,112629,9CB6267D-53A5-4A8B-A70B-73DF34761F90,9cb6267d-53a5-4a8b-a70b-73df34761f90,bob,bob,null,null,null,null,null,null,null,null,bob,bob,null,null,null,null,null,null,113044,113044,23,23,null,null,null,null,null,null,Birmingham,Birmingham,null,null,AFGHANISTAN,ALGERIA,null,null,Test Case failed
76091,44884,44884,73308,73308,USA,USA,112626,112626,05D73F48-FC40-40C3-9606-FB0464EB4D0A,05d73f48-fc40-40c3-9606-fb0464eb4d0a,FirstUpdate Member,FirstUpdate Member,null,null,null,null,null,null,null,null,FirstUpdate Member,FirstUpdate Member,null,null,null,null,null,null,113041,113041,OriginalName Member Add Name,OriginalName Member Add Name,OriginalName Member L1,OriginalName Member L1,OriginalName Member L2,OriginalName Member L2,null,null,Birmingham,Birmingham,Alabama,Alabama,UNITED STATES OF AMERICA,UNITED STATES OF AMERICA,565464,565464,Test Case Passed
76090,44884,44884,73308,73308,USA,USA,112626,112626,05D73F48-FC40-40C3-9606-FB0464EB4D0A,05d73f48-fc40-40c3-9606-fb0464eb4d0a,FirstUpdate Member,FirstUpdate Member,null,null,null,null,null,null,null,null,FirstUpdate Member,FirstUpdate Member,null,null,null,null,null,null,113041,113041,OriginalName Member Add Name,OriginalName Member Add Name,OriginalName Member L1,OriginalName Member L1,OriginalName Member L2,OriginalName Member L2,null,null,Birmingham,Birmingham,Alabama,Alabama,UNITED STATES OF AMERICA,UNITED STATES OF AMERICA,565464,565464,Test Case Passed
76089,44884,44884,73308,73308,USA,USA,112626,112626,05D73F48-FC40-40C3-9606-FB0464EB4D0A,05d73f48-fc40-40c3-9606-fb0464eb4d0a,FirstUpdate Member,FirstUpdate Member,null,null,null,null,null,null,null,null,FirstUpdate Member,FirstUpdate Member,null,null,null,null,null,null,113041,113041,OriginalName Member Add Name,OriginalName Member Add Name,OriginalName Member L1,OriginalName Member L1,OriginalName Member L2,OriginalName Member L2,null,null,Birmingham,Birmingham,Alabama,Alabama,UNITED STATES OF AMERICA,UNITED STATES OF AMERICA,565464,565464,Test Case Passed
76088,44884,44884,73308,73308,USA,USA,112626,112626,05D73F48-FC40-40C3-9606-FB0464EB4D0A,05d73f48-fc40-40c3-9606-fb0464eb4d0a,FirstUpdate Member,OriginalName Member,null,null,null,null,null,null,null,null,FirstUpdate Member,OriginalName Member,null,null,null,null,null,null,113041,113041,OriginalName Member Add Name,OriginalName Member Add Name,OriginalName Member L1,OriginalName Member L1,OriginalName Member L2,OriginalName Member L2,null,null,Birmingham,Birmingham,Alabama,Alabama,UNITED STATES OF AMERICA,UNITED STATES OF AMERICA,565464,565464,Test Case failed
76087,44884,44884,73308,73308,USA,USA,112626,112626,05D73F48-FC40-40C3-9606-FB0464EB4D0A,05d73f48-fc40-40c3-9606-fb0464eb4d0a,FirstUpdate Member,OriginalName Member,null,null,null,null,null,null,null,null,FirstUpdate Member,OriginalName Member,null,null,null,null,null,null,113041,113041,OriginalName Member Add Name,OriginalName Member Add Name,OriginalName Member L1,OriginalName Member L1,OriginalName Member L2,OriginalName Member L2,null,null,Birmingham,Birmingham,Alabama,Alabama,UNITED STATES OF AMERICA,UNITED STATES OF AMERICA,565464,565464,Test Case failed
76086,44884,44884,73308,73308,USA,USA,112626,112626,05D73F48-FC40-40C3-9606-FB0464EB4D0A,05d73f48-fc40-40c3-9606-fb0464eb4d0a,FirstUpdate Member,OriginalName Member,null,null,null,null,null,null,null,null,FirstUpdate Member,OriginalName Member,null,null,null,null,null,null,113041,113041,OriginalName Member Add Name,OriginalName Member Add Name,OriginalName Member L1,OriginalName Member L1,OriginalName Member L2,OriginalName Member L2,null,null,Birmingham,Birmingham,Alabama,Alabama,UNITED STATES OF AMERICA,UNITED STATES OF AMERICA,565464,565464,Test Case failed
76085,44884,44884,73308,73308,USA,USA,112626,112626,05D73F48-FC40-40C3-9606-FB0464EB4D0A,05d73f48-fc40-40c3-9606-fb0464eb4d0a,FirstUpdate Member,FirstUpdate Member,null,null,null,null,null,null,null,null,FirstUpdate Member,FirstUpdate Member,null,null,null,null,null,null,113041,113041,OriginalName Member Add Name,OriginalName Member Add Name,OriginalName Member L1,OriginalName Member L1,OriginalName Member L2,OriginalName Member L2,null,null,Birmingham,Birmingham,Alabama,Alabama,UNITED STATES OF AMERICA,UNITED STATES OF AMERICA,565464,565464,Test Case Passed
76084,44884,44884,73308,73308,USA,USA,112626,112626,05D73F48-FC40-40C3-9606-FB0464EB4D0A,05d73f48-fc40-40c3-9606-fb0464eb4d0a,FirstUpdate Member,OriginalName Member,null,null,null,null,null,null,null,null,FirstUpdate Member,OriginalName Member,null,null,null,null,null,null,113041,113041,OriginalName Member Add Name,OriginalName Member Add Name,OriginalName Member L1,OriginalName Member L1,OriginalName Member L2,OriginalName Member L2,null,null,Birmingham,Birmingham,Alabama,Alabama,UNITED STATES OF AMERICA,UNITED STATES OF AMERICA,565464,565464,Test Case failed
76083,44883,44883,73307,73307,USA,USA,112623,112623,BA8569C0-F2C7-4704-99F0-49054C51CCF2,ba8569c0-f2c7-4704-99f0-49054c51ccf2,NewMember For155070,NewMember For155070,null,null,null,null,null,null,null,null,NewMember For155070,NewMember For155070,null,null,null,null,null,null,113038,113038,NewMember For155070 Add Name,NewMember For155070 Add Name,NewMember For155070 L1,NewMember For155070 L1,NewMember For155070 L2,NewMember For155070 L2,null,null,Bham,Bham,Alabama,Alabama,UNITED STATES OF AMERICA,UNITED STATES OF AMERICA,324554,324554,Test Case Passed
76082,44883,44883,73307,73307,USA,USA,112623,112623,BA8569C0-F2C7-4704-99F0-49054C51CCF2,ba8569c0-f2c7-4704-99f0-49054c51ccf2,NewMember For155070,NewMember For155070,null,null,null,null,null,null,null,null,NewMember For155070,NewMember For155070,null,null,null,null,null,null,113038,113038,NewMember For155070 Add Name,NewMember For155070 Add Name,NewMember For155070 L1,NewMember For155070 L1,NewMember For155070 L2,NewMember For155070 L2,null,null,Bham,Bham,Alabama,Alabama,UNITED STATES OF AMERICA,UNITED STATES OF AMERICA,324554,324554,Test Case Passed
76081,44883,44883,73307,73307,USA,USA,112623,112623,BA8569C0-F2C7-4704-99F0-49054C51CCF2,ba8569c0-f2c7-4704-99f0-49054c51ccf2,NewMember For155070,NewMember For155070,null,null,null,null,null,null,null,null,NewMember For155070,NewMember For155070,null,null,null,null,null,null,113038,113038,NewMember For155070 Add Name,NewMember For155070 Add Name,NewMember For155070 L1,NewMember For155070 L1,NewMember For155070 L2,NewMember For155070 L2,null,null,Bham,Bham,Alabama,Alabama,UNITED STATES OF AMERICA,UNITED STATES OF AMERICA,324554,324554,Test Case Passed
76079,44883,44883,73307,73307,USA,USA,112623,112623,BA8569C0-F2C7-4704-99F0-49054C51CCF2,ba8569c0-f2c7-4704-99f0-49054c51ccf2,NewMember For155070,NewMember For155070,null,null,null,null,null,null,null,null,NewMember For155070,NewMember For155070,null,null,null,null,null,null,113038,113038,NewMember For155070 Add Name,NewMember For155070 Add Name,NewMember For155070 L1,NewMember For155070 L1,NewMember For155070 L2,NewMember For155070 L2,null,null,Bham,Bham,Alabama,Alabama,UNITED STATES OF AMERICA,UNITED STATES OF AMERICA,324554,324554,Test Case Passed
76078,44883,44883,73307,73307,USA,USA,112623,112623,BA8569C0-F2C7-4704-99F0-49054C51CCF2,ba8569c0-f2c7-4704-99f0-49054c51ccf2,NewMember For155070,NewMember For155070,null,null,null,null,null,null,null,null,NewMember For155070,NewMember For155070,null,null,null,null,null,null,113038,113038,NewMember For155070 Add Name,NewMember For155070 Add Name,NewMember For155070 L1,NewMember For155070 L1,NewMember For155070 L2,NewMember For155070 L2,null,null,Bham,Bham,Alabama,Alabama,UNITED STATES OF AMERICA,UNITED STATES OF AMERICA,324554,324554,Test Case Passed
76077,44882,44883,73306,73307,GBR,USA,112622,112623,620D0B0D-ED19-43F6-8141-5DACD4307C5F,ba8569c0-f2c7-4704-99f0-49054c51ccf2,NewMember ForAPI,NewMember For155070,null,null,null,null,null,null,null,null,NewMember ForAPI,NewMember For155070,null,null,null,null,null,null,113037,113038,NewMember ForAPI AddName,NewMember For155070 Add Name,NewMember ForAPI L1,NewMember For155070 L1,NewMember ForAPI L2,NewMember For155070 L2,null,null,BHAM,Bham,null,Alabama,UNITED KINGDOM,UNITED STATES OF AMERICA,B37 7HG,324554,Test Case failed
76077,44883,44883,73307,73307,USA,USA,112623,112623,BA8569C0-F2C7-4704-99F0-49054C51CCF2,ba8569c0-f2c7-4704-99f0-49054c51ccf2,NewMember For155070,NewMember For155070,null,null,null,null,null,null,null,null,NewMember For155070,NewMember For155070,null,null,null,null,null,null,113038,113038,NewMember For155070 Add Name,NewMember For155070 Add Name,NewMember For155070 L1,NewMember For155070 L1,NewMember For155070 L2,NewMember For155070 L2,null,null,Bham,Bham,Alabama,Alabama,UNITED STATES OF AMERICA,UNITED STATES OF AMERICA,324554,324554,Test Case Passed
76076,44882,44882,73306,73306,GBR,GBR,112622,112622,620D0B0D-ED19-43F6-8141-5DACD4307C5F,620d0b0d-ed19-43f6-8141-5dacd4307c5f,NewMember ForAPI,NewMember ForAPI,null,null,null,null,null,null,null,null,NewMember ForAPI,NewMember ForAPI,null,null,null,null,null,null,113037,113037,NewMember ForAPI AddName,NewMember ForAPI AddName,NewMember ForAPI L1,NewMember ForAPI L1,NewMember ForAPI L2,NewMember ForAPI L2,null,null,BHAM,BHAM,null,null,UNITED KINGDOM,UNITED KINGDOM,B37 7HG,B37 7HG,Test Case Passed
76075,44882,44882,73306,73306,GBR,GBR,112622,112622,620D0B0D-ED19-43F6-8141-5DACD4307C5F,620d0b0d-ed19-43f6-8141-5dacd4307c5f,NewMember ForAPI,NewMember ForAPI,null,null,null,null,null,null,null,null,NewMember ForAPI,NewMember ForAPI,null,null,null,null,null,null,113037,113037,NewMember ForAPI AddName,NewMember ForAPI AddName,NewMember ForAPI L1,NewMember ForAPI L1,NewMember ForAPI L2,NewMember ForAPI L2,null,null,BHAM,BHAM,null,null,UNITED KINGDOM,UNITED KINGDOM,B37 7HG,B37 7HG,Test Case Passed
76074,44882,44882,73306,73306,GBR,GBR,112622,112622,620D0B0D-ED19-43F6-8141-5DACD4307C5F,620d0b0d-ed19-43f6-8141-5dacd4307c5f,NewMember ForAPI,NewMember ForAPI,null,null,null,null,null,null,null,null,NewMember ForAPI,NewMember ForAPI,null,null,null,null,null,null,113037,113037,NewMember ForAPI AddName,NewMember ForAPI AddName,NewMember ForAPI L1,NewMember ForAPI L1,NewMember ForAPI L2,NewMember ForAPI L2,null,null,BHAM,BHAM,null,null,UNITED KINGDOM,UNITED KINGDOM,B37 7HG,B37 7HG,Test Case Passed
76073,44882,44882,73306,73306,GBR,GBR,112622,112622,620D0B0D-ED19-43F6-8141-5DACD4307C5F,620d0b0d-ed19-43f6-8141-5dacd4307c5f,NewMember ForAPI,NewMember ForAPI,null,null,null,null,null,null,null,null,NewMember ForAPI,NewMember ForAPI,null,null,null,null,null,null,113037,113037,NewMember ForAPI AddName,NewMember ForAPI AddName,NewMember ForAPI L1,NewMember ForAPI L1,NewMember ForAPI L2,NewMember ForAPI L2,null,null,BHAM,BHAM,null,null,UNITED KINGDOM,UNITED KINGDOM,B37 7HG,B37 7HG,Test Case Passed
76072,44882,44882,73306,73306,GBR,GBR,112622,112622,620D0B0D-ED19-43F6-8141-5DACD4307C5F,620d0b0d-ed19-43f6-8141-5dacd4307c5f,NewMember ForAPI,NewMember ForAPI,null,null,null,null,null,null,null,null,NewMember ForAPI,NewMember ForAPI,null,null,null,null,null,null,113037,113037,NewMember ForAPI AddName,NewMember ForAPI AddName,NewMember ForAPI L1,NewMember ForAPI L1,NewMember ForAPI L2,NewMember ForAPI L2,null,null,BHAM,BHAM,null,null,UNITED KINGDOM,UNITED KINGDOM,B37 7HG,B37 7HG,Test Case Passed
76071,44882,44882,73306,73306,GBR,GBR,112622,112622,620D0B0D-ED19-43F6-8141-5DACD4307C5F,620d0b0d-ed19-43f6-8141-5dacd4307c5f,NewMember ForAPI,NewMember ForAPI,null,null,null,null,null,null,null,null,NewMember ForAPI,NewMember ForAPI,null,null,null,null,null,null,113037,113037,NewMember ForAPI AddName,NewMember ForAPI AddName,NewMember ForAPI L1,NewMember ForAPI L1,NewMember ForAPI L2,NewMember ForAPI L2,null,null,BHAM,BHAM,null,null,UNITED KINGDOM,UNITED KINGDOM,B37 7HG,B37 7HG,Test Case Passed
76070,44881,44881,73305,73305,GBR,GBR,112620,112620,D1782C2F-4877-4C8E-B317-17E15AA48079,d1782c2f-4877-4c8e-b317-17e15aa48079,New MemberFINAL,New MemberREAL2,null,null,null,null,null,null,null,null,New MemberFINAL,New MemberREAL2,null,null,null,null,null,null,113035,113035,New MemberWORK Add Name,New MemberWORK Add Name,New MemberWORK L1,New MemberWORK L1,New MemberWORK L2,New MemberWORK L2,null,null,BHAM,BHAM,null,null,UNITED KINGDOM,UNITED KINGDOM,B37 7HG,B37 7HG,Test Case failed
76069,44881,44881,73305,73305,GBR,GBR,112620,112620,D1782C2F-4877-4C8E-B317-17E15AA48079,d1782c2f-4877-4c8e-b317-17e15aa48079,New MemberFINAL,New MemberChange1,null,null,null,null,null,null,null,null,New MemberFINAL,New MemberChange1,null,null,null,null,null,null,113035,113035,New MemberWORK Add Name,New MemberWORK Add Name,New MemberWORK L1,New MemberWORK L1,New MemberWORK L2,New MemberWORK L2,null,null,BHAM,BHAM,null,null,UNITED KINGDOM,UNITED KINGDOM,B37 7HG,B37 7HG,Test Case failed
76068,44881,44881,73305,73305,GBR,GBR,112620,112620,D1782C2F-4877-4C8E-B317-17E15AA48079,d1782c2f-4877-4c8e-b317-17e15aa48079,New MemberFINAL,New MemberWORK,null,null,null,null,null,null,null,null,New MemberFINAL,New MemberWORK,null,null,null,null,null,null,113035,113035,New MemberWORK Add Name,New MemberWORK Add Name,New MemberWORK L1,New MemberWORK L1,New MemberWORK L2,New MemberWORK L2,null,null,BHAM,BHAM,null,null,UNITED KINGDOM,UNITED KINGDOM,B37 7HG,B37 7HG,Test Case failed
76067,44881,44881,73305,73305,GBR,GBR,112620,112620,D1782C2F-4877-4C8E-B317-17E15AA48079,d1782c2f-4877-4c8e-b317-17e15aa48079,New MemberFINAL,New MemberFINAL,null,null,null,null,null,null,null,null,New MemberFINAL,New MemberFINAL,null,null,null,null,null,null,113035,113035,New MemberWORK Add Name,New MemberWORK Add Name,New MemberWORK L1,New MemberWORK L1,New MemberWORK L2,New MemberWORK L2,null,null,BHAM,BHAM,null,null,UNITED KINGDOM,UNITED KINGDOM,B37 7HG,B37 7HG,Test Case Passed
76066,44881,44881,73305,73305,GBR,GBR,112620,112620,D1782C2F-4877-4C8E-B317-17E15AA48079,d1782c2f-4877-4c8e-b317-17e15aa48079,New MemberFINAL,New MemberChange1,null,null,null,null,null,null,null,null,New MemberFINAL,New MemberChange1,null,null,null,null,null,null,113035,113035,New MemberWORK Add Name,New MemberWORK Add Name,New MemberWORK L1,New MemberWORK L1,New MemberWORK L2,New MemberWORK L2,null,null,BHAM,BHAM,null,null,UNITED KINGDOM,UNITED KINGDOM,B37 7HG,B37 7HG,Test Case failed
76065,44881,44881,73305,73305,GBR,GBR,112620,112620,D1782C2F-4877-4C8E-B317-17E15AA48079,d1782c2f-4877-4c8e-b317-17e15aa48079,New MemberFINAL,New MemberFINAL,null,null,null,null,null,null,null,null,New MemberFINAL,New MemberFINAL,null,null,null,null,null,null,113035,113035,New MemberWORK Add Name,New MemberWORK Add Name,New MemberWORK L1,New MemberWORK L1,New MemberWORK L2,New MemberWORK L2,null,null,BHAM,BHAM,null,null,UNITED KINGDOM,UNITED KINGDOM,B37 7HG,B37 7HG,Test Case Passed
76064,44881,44881,73305,73305,GBR,GBR,112620,112620,D1782C2F-4877-4C8E-B317-17E15AA48079,d1782c2f-4877-4c8e-b317-17e15aa48079,New MemberFINAL,New MemberChange1,null,null,null,null,null,null,null,null,New MemberFINAL,New MemberChange1,null,null,null,null,null,null,113035,113035,New MemberWORK Add Name,New MemberWORK Add Name,New MemberWORK L1,New MemberWORK L1,New MemberWORK L2,New MemberWORK L2,null,null,BHAM,BHAM,null,null,UNITED KINGDOM,UNITED KINGDOM,B37 7HG,B37 7HG,Test Case failed
76063,44881,44881,73305,73305,GBR,GBR,112620,112620,D1782C2F-4877-4C8E-B317-17E15AA48079,d1782c2f-4877-4c8e-b317-17e15aa48079,New MemberFINAL,New MemberWORK,null,null,null,null,null,null,null,null,New MemberFINAL,New MemberWORK,null,null,null,null,null,null,113035,113035,New MemberWORK Add Name,New MemberWORK Add Name,New MemberWORK L1,New MemberWORK L1,New MemberWORK L2,New MemberWORK L2,null,null,BHAM,BHAM,null,null,UNITED KINGDOM,UNITED KINGDOM,B37 7HG,B37 7HG,Test Case failed
76062,44881,44881,73305,73305,GBR,GBR,112620,112620,D1782C2F-4877-4C8E-B317-17E15AA48079,d1782c2f-4877-4c8e-b317-17e15aa48079,New MemberFINAL,New MemberWORK,null,null,null,null,null,null,null,null,New MemberFINAL,New MemberWORK,null,null,null,null,null,null,113035,113035,New MemberWORK Add Name,New MemberWORK Add Name,New MemberWORK L1,New MemberWORK L1,New MemberWORK L2,New MemberWORK L2,null,null,BHAM,BHAM,null,null,UNITED KINGDOM,UNITED KINGDOM,B37 7HG,B37 7HG,Test Case failed
76061,44881,44881,73305,73305,GBR,GBR,112620,112620,D1782C2F-4877-4C8E-B317-17E15AA48079,d1782c2f-4877-4c8e-b317-17e15aa48079,New MemberFINAL,New MemberWORK,null,null,null,null,null,null,null,null,New MemberFINAL,New MemberWORK,null,null,null,null,null,null,113035,113035,New MemberWORK Add Name,New MemberWORK Add Name,New MemberWORK L1,New MemberWORK L1,New MemberWORK L2,New MemberWORK L2,null,null,BHAM,BHAM,null,null,UNITED KINGDOM,UNITED KINGDOM,B37 7HG,B37 7HG,Test Case failed
76060,44881,44881,73305,73305,GBR,GBR,112620,112620,D1782C2F-4877-4C8E-B317-17E15AA48079,d1782c2f-4877-4c8e-b317-17e15aa48079,New MemberFINAL,New MemberFINAL,null,null,null,null,null,null,null,null,New MemberFINAL,New MemberFINAL,null,null,null,null,null,null,113035,113035,New MemberWORK Add Name,New MemberWORK Add Name,New MemberWORK L1,New MemberWORK L1,New MemberWORK L2,New MemberWORK L2,null,null,BHAM,BHAM,null,null,UNITED KINGDOM,UNITED KINGDOM,B37 7HG,B37 7HG,Test Case Passed
76059,44881,44881,73305,73305,GBR,GBR,112620,112620,D1782C2F-4877-4C8E-B317-17E15AA48079,d1782c2f-4877-4c8e-b317-17e15aa48079,New MemberFINAL,New MemberChange1,null,null,null,null,null,null,null,null,New MemberFINAL,New MemberChange1,null,null,null,null,null,null,113035,113035,New MemberWORK Add Name,New MemberWORK Add Name,New MemberWORK L1,New MemberWORK L1,New MemberWORK L2,New MemberWORK L2,null,null,BHAM,BHAM,null,null,UNITED KINGDOM,UNITED KINGDOM,B37 7HG,B37 7HG,Test Case failed
76057,44881,44881,73305,73305,GBR,GBR,112620,112620,D1782C2F-4877-4C8E-B317-17E15AA48079,d1782c2f-4877-4c8e-b317-17e15aa48079,New MemberFINAL,New MemberFINAL,null,null,null,null,null,null,null,null,New MemberFINAL,New MemberFINAL,null,null,null,null,null,null,113035,113035,New MemberWORK Add Name,New MemberWORK Add Name,New MemberWORK L1,New MemberWORK L1,New MemberWORK L2,New MemberWORK L2,null,null,BHAM,BHAM,null,null,UNITED KINGDOM,UNITED KINGDOM,B37 7HG,B37 7HG,Test Case Passed
76056,44881,44881,73305,73305,GBR,GBR,112620,112620,D1782C2F-4877-4C8E-B317-17E15AA48079,d1782c2f-4877-4c8e-b317-17e15aa48079,New MemberFINAL,New MemberWORK,null,null,null,null,null,null,null,null,New MemberFINAL,New MemberWORK,null,null,null,null,null,null,113035,113035,New MemberWORK Add Name,New MemberWORK Add Name,New MemberWORK L1,New MemberWORK L1,New MemberWORK L2,New MemberWORK L2,null,null,BHAM,BHAM,null,null,UNITED KINGDOM,UNITED KINGDOM,B37 7HG,B37 7HG,Test Case failed
76055,44880,44880,73304,73304,GBR,GBR,112618,112618,02F16FF0-9987-4B6E-84CE-5E022CD3BD29,02f16ff0-9987-4b6e-84ce-5e022cd3bd29,New4 Safety,New4 Safety,null,null,null,null,null,null,null,null,New4 Safety,New4 Safety,null,null,null,null,null,null,113033,113033,New4 Safety Add Name,New4 Safety Add Name,New4 Safety L1,New4 Safety L1,New4 Safety L2,New4 Safety L2,null,null,BHAM,BHAM,null,null,UNITED KINGDOM,UNITED KINGDOM,B37 7HG,B37 7HG,Test Case Passed
76054,31227,31227,50700,50700,MLT,MLT,30893,30893,482CCE32-2299-E111-916A-001F29E68CCE,482cce32-2299-e111-916a-001f29e68cce,Eleven Yachting Limited,Eleven Yachting Limited,null,null,null,null,null,null,Eleven Yachting Limited,Eleven Yachting Limited,Eleven Yachting Limited,Eleven Yachting Limited,er@capeyachting.com,er@capeyachting.com,null,null,null,null,11038,11038,5/1  Merchants Street,5/1  Merchants Street,null,null,null,null,null,null,Valletta,Valletta,null,null,MALTA,MALTA,VLT 1171,VLT 1171,Test Case Passed
76053,31227,31227,50700,50700,MLT,MLT,30893,30893,482CCE32-2299-E111-916A-001F29E68CCE,482cce32-2299-e111-916a-001f29e68cce,Eleven Yachting Limited,Eleven Yachting Limited,null,null,null,null,null,null,Eleven Yachting Limited,Eleven Yachting Limited,Eleven Yachting Limited,Eleven Yachting Limited,er@capeyachting.com,er@capeyachting.com,null,null,null,null,11038,11038,5/1  Merchants Street,5/1  Merchants Street,null,null,null,null,null,null,Valletta,Valletta,null,null,MALTA,MALTA,VLT 1171,VLT 1171,Test Case Passed
76053,32609,31227,54000,50700,CAN,MLT,33118,30893,71D0AB22-021C-E311-9441-001F29E68CCE,482cce32-2299-e111-916a-001f29e68cce,Andrew Scott,Eleven Yachting Limited,null,null,null,null,null,null,Andrew Scott,Eleven Yachting Limited,Andrew Scott,Eleven Yachting Limited,--,er@capeyachting.com,null,null,null,null,11714,11038,PO Box 294  203 Tacan Road,5/1  Merchants Street,null,null,null,null,null,null,Sandspit,Valletta,BC,null,CANADA,MALTA,V0T 1T0,VLT 1171,Test Case failed
76052,31520,31520,51558,51558,NLD,NLD,31373,31373,58D6722A-4609-E211-BDB4-001F29E68CCE,58d6722a-4609-e211-bdb4-001f29e68cce,Reimerswaal Dredging V.O.F,Reimerswaal Dredging V.O.F,null,null,null,null,null,null,null,null,Reimerswaal Dredging V.O.F,Reimerswaal Dredging V.O.F,-,-,null,null,null,null,16961,16961,Nieuwe Diep 1,Nieuwe Diep 1,null,null,null,null,null,null,Goes,Goes,null,null,NETHERLANDS,NETHERLANDS,4465 AA,4465 AA,Test Case Passed
76051,44879,44879,73303,73303,IND,IND,112616,112616,5D880F95-44FE-461E-BC1F-ABB80AD6E839,5d880f95-44fe-461e-bc1f-abb80ad6e839,Day0_MemberByRef,Day0_MemberByRef,null,null,null,null,null,null,null,null,Day0_MemberByRef,Day0_MemberByRef,daywise@memberbyref.com,daywise@memberbyref.com,+19839829829,+19839829829,null,null,113031,113031,LPK 201,LPK 201,E Street,E Street,greta road,greta road,Eastern site,Eastern site,NY,NY,NYC,NYC,INDIA,UNITED STATES OF AMERICA,9029,9029,Test Case failed
76050,44879,44879,73303,73303,IND,IND,112616,112616,5D880F95-44FE-461E-BC1F-ABB80AD6E839,5d880f95-44fe-461e-bc1f-abb80ad6e839,Day0_MemberByRef,Day0_MemberByRef,null,null,null,null,null,null,null,null,Day0_MemberByRef,Day0_MemberByRef,daywise@memberbyref.com,daywise@memberbyref.com,+19839829829,+19839829829,null,null,113031,113031,LPK 201,LPK 201,E Street,E Street,greta road,greta road,Eastern site,Eastern site,NY,NY,NYC,NYC,INDIA,UNITED STATES OF AMERICA,9029,9029,Test Case failed
76049,44878,44878,73302,73302,PER,PER,112614,112614,5DB82152-590B-41F0-92FB-33DF77097668,5db82152-590b-41f0-92fb-33df77097668,Day3_Member,Day3_Member,null,null,null,null,null,null,null,null,Day3_Member,Day3_Member,day0@day0.com,day0@day0.com,900000000,900000000,800000000,800000000,113029,113029,Day0_AddressName,Day0_AddressName,Day0_Line1,Day0_Line1,Day0_Line2,Day0_Line2,Day0_Line3,Day0_Line3,Day0_City,Day0_City,Day0_State,Day0_State,PERU,INDIA,100000,100000,Test Case failed
76048,44878,44878,73302,73302,PER,IND,112614,112614,5DB82152-590B-41F0-92FB-33DF77097668,5db82152-590b-41f0-92fb-33df77097668,Day3_Member,Day0_Member,null,null,null,null,null,null,null,null,Day3_Member,Day0_Member,day0@day0.com,day0@day0.com,900000000,900000000,800000000,800000000,113029,113029,Day0_AddressName,Day0_AddressName,Day0_Line1,Day0_Line1,Day0_Line2,Day0_Line2,Day0_Line3,Day0_Line3,Day0_City,Day0_City,Day0_State,Day0_State,PERU,INDIA,100000,100000,Test Case failed
76047,44877,44877,73301,73301,ARE,ARE,112613,112613,CB62B85D-EC5E-4330-A182-F042A8E75AC6,cb62b85d-ec5e-4330-a182-f042a8e75ac6,NoRiskMember,NoRiskMember,null,null,null,null,null,null,null,null,NoRiskMember,NoRiskMember,NoRiskMember@NoRiskMember.com,NoRiskMember@NoRiskMember.com,908765789,908765789,908765789,908765789,113028,113028,NoRiskMemberAddress,NoRiskMemberAddress,NoRiskMemberL1,NoRiskMemberL1,NoRiskMemberL2,NoRiskMemberL2,NoRiskMemberL3,NoRiskMemberL3,NoRiskMemberCity,NoRiskMemberCity,NoRiskMemberState,NoRiskMemberState,UNITED ARAB EMIRATES,UNITED ARAB EMIRATES,87655789,87655789,Test Case Passed
76046,44865,44865,73289,73289,BTN,BTN,112590,112590,745BA2F0-509E-4D87-9F89-5C5076950F2D,745ba2f0-509e-4d87-9f89-5c5076950f2d,Day3_MemberForRiskName,Day3_MemberForRiskName,null,null,null,null,null,null,null,null,Day3_MemberForRiskName,Day3_MemberForRiskName,day2@email.com,day2@email.com,9000000002,9000000002,2000000002,2000000002,113005,113005,Day2_AddessName,Day2_AddessName,Day2_Line1,Day2_Line1,Day2_Line2,Day2_Line2,Day2_Line3,Day2_Line3,Day2_City,Day2_City,Day2_State,Day2_State,BHUTAN,INDIA,200000,200000,Test Case failed
76045,44865,44865,73289,73289,BTN,IND,112590,112590,745BA2F0-509E-4D87-9F89-5C5076950F2D,745ba2f0-509e-4d87-9f89-5c5076950f2d,Day3_MemberForRiskName,SurajMember,null,null,null,null,null,null,null,null,Day3_MemberForRiskName,SurajMember,day2@email.com,suraj.khole@adrosonic.com,9000000002,09004465554,2000000002,null,113005,113005,Day2_AddessName,Day2_AddessName,Day2_Line1,Day2_Line1,Day2_Line2,Day2_Line2,Day2_Line3,Day2_Line3,Day2_City,Day2_City,Day2_State,Day2_State,BHUTAN,INDIA,200000,200000,Test Case failed
76043,31227,31227,50700,50700,MLT,MLT,30893,30893,482CCE32-2299-E111-916A-001F29E68CCE,482cce32-2299-e111-916a-001f29e68cce,Eleven Yachting Limited,Eleven Yachting Limited,null,null,null,null,null,null,Eleven Yachting Limited,Eleven Yachting Limited,Eleven Yachting Limited,Eleven Yachting Limited,er@capeyachting.com,er@capeyachting.com,null,null,null,null,11038,11038,5/1  Merchants Street,5/1  Merchants Street,null,null,null,null,null,null,Valletta,Valletta,null,null,MALTA,MALTA,VLT 1171,VLT 1171,Test Case Passed
76042,31227,31227,50700,50700,MLT,MLT,30893,30893,482CCE32-2299-E111-916A-001F29E68CCE,482cce32-2299-e111-916a-001f29e68cce,Eleven Yachting Limited,Eleven Yachting Limited,null,null,null,null,null,null,Eleven Yachting Limited,Eleven Yachting Limited,Eleven Yachting Limited,Eleven Yachting Limited,er@capeyachting.com,er@capeyachting.com,null,null,null,null,11038,11038,5/1  Merchants Street,5/1  Merchants Street,null,null,null,null,null,null,Valletta,Valletta,null,null,MALTA,MALTA,VLT 1171,VLT 1171,Test Case Passed
76041,31227,31227,50700,50700,MLT,MLT,30893,30893,482CCE32-2299-E111-916A-001F29E68CCE,482cce32-2299-e111-916a-001f29e68cce,Eleven Yachting Limited,Eleven Yachting Limited,null,null,null,null,null,null,Eleven Yachting Limited,Eleven Yachting Limited,Eleven Yachting Limited,Eleven Yachting Limited,er@capeyachting.com,er@capeyachting.com,null,null,null,null,11038,11038,5/1  Merchants Street,5/1  Merchants Street,null,null,null,null,null,null,Valletta,Valletta,null,null,MALTA,MALTA,VLT 1171,VLT 1171,Test Case Passed
76040,31227,31227,50700,50700,MLT,MLT,30893,30893,482CCE32-2299-E111-916A-001F29E68CCE,482cce32-2299-e111-916a-001f29e68cce,Eleven Yachting Limited,Eleven Yachting Limited,null,null,null,null,null,null,Eleven Yachting Limited,Eleven Yachting Limited,Eleven Yachting Limited,Eleven Yachting Limited,er@capeyachting.com,er@capeyachting.com,null,null,null,null,11038,11038,5/1  Merchants Street,5/1  Merchants Street,null,null,null,null,null,null,Valletta,Valletta,null,null,MALTA,MALTA,VLT 1171,VLT 1171,Test Case Passed
76039,31227,31227,50700,50700,MLT,MLT,30893,30893,482CCE32-2299-E111-916A-001F29E68CCE,482cce32-2299-e111-916a-001f29e68cce,Eleven Yachting Limited,Eleven Yachting Limited,null,null,null,null,null,null,Eleven Yachting Limited,Eleven Yachting Limited,Eleven Yachting Limited,Eleven Yachting Limited,er@capeyachting.com,er@capeyachting.com,null,null,null,null,11038,11038,5/1  Merchants Street,5/1  Merchants Street,null,null,null,null,null,null,Valletta,Valletta,null,null,MALTA,MALTA,VLT 1171,VLT 1171,Test Case Passed
76038,35694,35694,58014,58014,ITA,ITA,37039,37039,F389ABA7-9D49-E611-8C3F-005056B03908,f389aba7-9d49-e611-8c3f-005056b03908,Maria Paola Merloni,Maria Paola Merloni,null,null,null,null,null,null,Maria Paola Merloni,Maria Paola Merloni,Maria Paola Merloni,Maria Paola Merloni,Robert.Higham@crsyachts.com,Robert.Higham@crsyachts.com,null,null,null,null,19112,19112,Frazione Collegiglioni  40,Frazione Collegiglioni  40,null,null,null,null,null,null,60044 Fabriano (AN),60044 Fabriano (AN),null,null,ITALY,ITALY,null,null,Test Case Passed
76037,31227,31227,50700,50700,MLT,MLT,30893,30893,482CCE32-2299-E111-916A-001F29E68CCE,482cce32-2299-e111-916a-001f29e68cce,Eleven Yachting Limited,Eleven Yachting Limited,null,null,null,null,null,null,Eleven Yachting Limited,Eleven Yachting Limited,Eleven Yachting Limited,Eleven Yachting Limited,er@capeyachting.com,er@capeyachting.com,null,null,null,null,11038,11038,5/1  Merchants Street,5/1  Merchants Street,null,null,null,null,null,null,Valletta,Valletta,null,null,MALTA,MALTA,VLT 1171,VLT 1171,Test Case Passed
76035,44866,44866,73290,73290,DNK,DNK,112591,112591,56D45452-B8E3-451A-A226-932086EB47A5,56d45452-b8e3-451a-a226-932086eb47a5,Suraj Member,Suraj Member,null,null,null,null,null,null,null,null,Suraj Member,Suraj Member,test1@adro1.com,test1@adro1.com,9089090909,9089090909,null,null,113006,113006,MTAAddressName,MTAAddressName,MTALine1,MTALine1,MTALine2,MTALine2,MTALine3,MTALine3,MTACity,MTACity,MTAState,MTAState,DENMARK,INDIA,411033,411033,Test Case failed
76034,44866,44866,73290,73290,DNK,DNK,112591,112591,56D45452-B8E3-451A-A226-932086EB47A5,56d45452-b8e3-451a-a226-932086eb47a5,Suraj Member,Suraj Member,null,null,null,null,null,null,null,null,Suraj Member,Suraj Member,test1@adro1.com,test1@adro1.com,9089090909,9089090909,null,null,113006,113006,MTAAddressName,MTAAddressName,MTALine1,MTALine1,MTALine2,MTALine2,MTALine3,MTALine3,MTACity,MTACity,MTAState,MTAState,DENMARK,INDIA,411033,411033,Test Case failed
76032,31227,31227,50700,50700,MLT,MLT,30893,30893,482CCE32-2299-E111-916A-001F29E68CCE,482cce32-2299-e111-916a-001f29e68cce,Eleven Yachting Limited,Eleven Yachting Limited,null,null,null,null,null,null,Eleven Yachting Limited,Eleven Yachting Limited,Eleven Yachting Limited,Eleven Yachting Limited,er@capeyachting.com,er@capeyachting.com,null,null,null,null,11038,11038,5/1  Merchants Street,5/1  Merchants Street,null,null,null,null,null,null,Valletta,Valletta,null,null,MALTA,MALTA,VLT 1171,VLT 1171,Test Case Passed
76031,44876,44876,73300,73300,DEU,DEU,112612,112612,9B330E04-9640-4C4A-B795-4E89E72160B6,9b330e04-9640-4c4a-b795-4e89e72160b6,Day3APIMember,Day3APIMember,null,null,null,null,null,null,null,null,Day3APIMember,Day3APIMember,Day3apimember@api.com,Day3apimember@api.com,7000000003,7000000003,8000000003,8000000003,113027,113027,Day3Name,Day3Name,Day3APILine1,Day3APILine1,Day3APILine2,Day3APILine2,Day3APILine3,Day3APILine3,Day3APICity,Day3APICity,Day3APICountryState,Day3APICountryState,GERMANY,INDIA,900003,900003,Test Case failed
76030,44876,44876,73300,73300,DEU,IND,112612,112612,9B330E04-9640-4C4A-B795-4E89E72160B6,9b330e04-9640-4c4a-b795-4e89e72160b6,Day3APIMember,TestAPIMember1,null,null,null,null,null,null,null,null,Day3APIMember,TestAPIMember1,Day3apimember@api.com,apimember@api.com,7000000003,9876543210,8000000003,9876543210,113027,113027,Day3Name,Day3Name,Day3APILine1,Day3APILine1,Day3APILine2,Day3APILine2,Day3APILine3,Day3APILine3,Day3APICity,Day3APICity,Day3APICountryState,Day3APICountryState,GERMANY,INDIA,900003,900003,Test Case failed
76029,44875,44875,73299,73299,GBR,GBR,112605,112605,B7D56988-B75A-418B-8DEB-B3C7CA004E3D,b7d56988-b75a-418b-8deb-b3c7ca004e3d,Member 07Sept1150,Member 07Sept1150,null,null,null,null,null,null,null,null,Member 07Sept1150,Member 07Sept1150,null,null,null,null,null,null,113020,113020,Member 07Sept1150 AddNAme,Member 07Sept1150 AddNAme,Member 07Sept1150L1,Member 07Sept1150L1,Member 07Sept1150L2,Member 07Sept1150L2,null,null,Lancaster,Lancaster,null,null,UNITED KINGDOM,UNITED KINGDOM,LA1 1LA,LA1 1LA,Test Case Passed
76028,44875,44875,73299,73299,GBR,GBR,112605,112605,B7D56988-B75A-418B-8DEB-B3C7CA004E3D,b7d56988-b75a-418b-8deb-b3c7ca004e3d,Member 07Sept1150,Member 07Sept1150,null,null,null,null,null,null,null,null,Member 07Sept1150,Member 07Sept1150,null,null,null,null,null,null,113020,113020,Member 07Sept1150 AddNAme,Member 07Sept1150 AddNAme,Member 07Sept1150L1,Member 07Sept1150L1,Member 07Sept1150L2,Member 07Sept1150L2,null,null,Lancaster,Lancaster,null,null,UNITED KINGDOM,UNITED KINGDOM,LA1 1LA,LA1 1LA,Test Case Passed
76027,44874,44874,73298,73298,DEU,DEU,112604,112604,D9420890-3EBF-4DBA-94A6-82212B26EFD7,d9420890-3ebf-4dba-94a6-82212b26efd7,Day3TestMember,Day3TestMember,null,null,null,null,null,null,null,null,Day3TestMember,Day3TestMember,Test3@Test3.com,Test3@Test3.com,7000000003,7000000003,8000000003,8000000003,113019,113019,Day3Name,Day3Name,Day3Line1,Day3Line1,Day3Line2,Day3Line2,Day3Line3,Day3Line3,Day3City,Day3City,Day3Country,Day3Country,GERMANY,INDIA,900003,900003,Test Case failed
