SQL_ApplicationId,SQL_Party_Id,API_Party_Id,SQL_PartyRoleTypeName,API_PartyRoleTypeName,SQL_AccociatedPartyId,API_AccociatedPartyId,SQL_CrmIdentifier,API_CrmIdentifier,SQL_OrganisationName,API_OrganisationName,SQL_Salutation,API_Salutation,SQL_FirstName,API_FirstName,SQL_MiddleName,API_MiddleName,SQL_LastName,API_LastName,SQL_Name,API_Name,SQL_SearchName,API_SearchName,SQL_EmailAddress,API_EmailAddress,SQL_Telephone,API_Telephone,SQL_Fax,API_Fax,SQL_Address_Id,API_Address_Id,SQL_AddressName,API_AddressName,SQL_Line1,API_Line1,SQL_Line2,API_Line2,SQL_Line3,API_Line3,SQL_City,API_City,SQL_StateOrProvince,API_StateOrProvince,SQL_Country,API_Country,SQL_Postcode,API_Postcode,Test Case Status
76179,50438,50438,Joint Assured,Joint Assured,191380,191380,D03248BF-4DE7-41A2-A731-EE48525E401E,d03248bf-4de7-41a2-a731-ee48525e401e,A Testar,A Testar,null,null,null,null,null,null,null,null,A Testar,A Testar,A Testar,A Testar,null,null,null,null,null,null,35886,35886,null,null,null,null,null,null,null,null,null,null,null,null,null,null,null,null,Test Case is passed
76161,112667,112667,Joint Assured,Joint Assured,191378,191378,C72D1082-1765-48AE-BCCB-6AF1D9D9CE31,c72d1082-1765-48ae-bccb-6af1d9d9ce31,Joint For1044636,Joint For1044636,null,null,null,null,null,null,null,null,Joint For1044636,Joint For1044636,Joint For1044636,Joint For1044636,null,null,null,null,null,null,113082,113082,Joint For1044636 Add name,Joint For1044636 Add name,Joint For1044636 L1,Joint For1044636 L1,Joint For1044636 L2,Joint For1044636 L2,null,null,BHAM,BHAM,null,null,UNITED KINGDOM,UNITED KINGDOM,B37 7 HG,B37 7 HG,Test Case is passed
76161,112666,112666,Mortgagee,Mortgagee,191377,191377,BC9098F8-5623-4BFE-8572-29DF3188A812,bc9098f8-5623-4bfe-8572-29df3188a812,Mortgagee For1044636,Mortgagee For1044636,null,null,null,null,null,null,null,null,Mortgagee For1044636,Mortgagee For1044636,Mortgagee For1044636,Mortgagee For1044636,null,null,null,null,null,null,113081,113081,Mortgagee For1044636 Add name,Mortgagee For1044636 Add name,Mortgagee For1044636 l1,Mortgagee For1044636 l1,Mortgagee For1044636 l2,Mortgagee For1044636 l2,null,null,Bham,Bham,null,null,UNITED KINGDOM,UNITED KINGDOM,B37 7HG,B37 7HG,Test Case is passed
76160,112664,112664,Joint Assured,Joint Assured,191376,191376,5287E2D1-667D-4237-8F7D-55056471909F,5287e2d1-667d-4237-8f7d-55056471909f,Joint For1044635,Joint For1044635,null,null,null,null,null,null,null,null,Joint For1044635,Joint For1044635,Joint For1044635,Joint For1044635,null,null,null,null,null,null,113079,113079,Joint For1044635 add name,Joint For1044635 add name,Joint For1044635 l1,Joint For1044635 l1,Joint For1044635l2,Joint For1044635l2,null,null,bham,bham,null,null,UNITED KINGDOM,UNITED KINGDOM,b37 7hg,b37 7hg,Test Case is passed
76160,112663,112663,Mortgagee,Mortgagee,191375,191375,624347BD-5EB6-4374-92D0-1F4B2A07F354,624347bd-5eb6-4374-92d0-1f4b2a07f354,Mortgagee For1044635,Mortgagee For1044635,null,null,null,null,null,null,null,null,Mortgagee For1044635,Mortgagee For1044635,Mortgagee For1044635,Mortgagee For1044635,null,null,null,null,null,null,113078,113078,Mortgagee For1044635 add name,Mortgagee For1044635 add name,Mortgagee For1044635 l1,Mortgagee For1044635 l1,Mortgagee For1044635 l2,Mortgagee For1044635 l2,null,null,bham,bham,null,null,UNITED KINGDOM,UNITED KINGDOM,b37 7hg,b37 7hg,Test Case is passed
76159,112661,112661,Joint Assured,Joint Assured,191374,191374,DBB9C31A-AA3A-46BC-935F-D7DD2913968A,dbb9c31a-aa3a-46bc-935f-d7dd2913968a,Joint For1044634,Joint For1044634,null,null,null,null,null,null,null,null,Joint For1044634,Joint For1044634,Joint For1044634,Joint For1044634,null,null,null,null,null,null,113076,113076,Joint For1044634 add name,Joint For1044634 add name,Joint For1044634 l1,Joint For1044634 l1,Joint For1044634 l2,Joint For1044634 l2,null,null,bham,bham,null,null,UNITED KINGDOM,UNITED KINGDOM,b37 7hg,b37 7hg,Test Case is passed
76159,112660,112660,Joint Assured,Joint Assured,191373,191373,7E6F4E97-E2BD-44E8-84A3-D2702E9C8A15,7e6f4e97-e2bd-44e8-84a3-d2702e9c8a15,Mortgagee For1044634,Mortgagee For1044634,null,null,null,null,null,null,null,null,Mortgagee For1044634,Mortgagee For1044634,Mortgagee For1044634,Mortgagee For1044634,null,null,null,null,null,null,113075,113075,Mortgagee For1044634 add name,Mortgagee For1044634 add name,Mortgagee For1044634 L1,Mortgagee For1044634 L1,Mortgagee For1044634 l2,Mortgagee For1044634 l2,null,null,bham,bham,null,null,UNITED KINGDOM,UNITED KINGDOM,b37 7hg,b37 7hg,Test Case is passed
76158,112670,112670,Crew Manager,Crew Manager,191379,191379,EABCC666-5B61-414A-A000-BD7580054469,eabcc666-5b61-414a-a000-bd7580054469,Add NewCrewManager,Add NewCrewManager,null,null,null,null,null,null,null,null,Add NewCrewManager,Add NewCrewManager,Add NewCrewManager,Add NewCrewManager,null,null,null,null,null,null,113085,113085,Add NewCrewManager Add Name,Add NewCrewManager Add Name,Add NewCrewManager L1,Add NewCrewManager L1,Add NewCrewManager L2,Add NewCrewManager L2,null,null,BHAM,BHAM,null,null,UNITED KINGDOM,UNITED KINGDOM,B37 7HG,B37 7HG,Test Case is passed
76158,112657,112657,InterestedParty,InterestedParty,191372,191372,A4D83381-6683-485E-898B-7858C43F7FF8,a4d83381-6683-485e-898b-7858c43f7ff8,Mortgagee For1044633,Mortgagee For1044633,null,null,null,null,null,null,null,null,Mortgagee For1044633,Mortgagee For1044633,Mortgagee For1044633,Mortgagee For1044633,null,null,null,null,null,null,113072,113072,Party For1044633  Add Name,Party For1044633  Add Name,Party For1044633 l1,Party For1044633 l1,Party For1044633 l2,Party For1044633 l2,null,null,bham,bham,null,null,UNITED KINGDOM,UNITED KINGDOM,b37 7hg,b37 7hg,Test Case is passed
76158,112658,112658,Joint Assured,Joint Assured,191371,191371,CE755349-AA88-412B-86AC-864A5B469995,ce755349-aa88-412b-86ac-864a5b469995,Revised Joint For1044633 ,Revised Joint For1044633 ,null,null,null,null,null,null,null,null,Revised Joint For1044633 ,Revised Joint For1044633 ,Revised Joint For1044633 ,Revised Joint For1044633 ,null,null,null,null,null,null,113073,113073,Joint For1044633  Add Name,Joint For1044633  Add Name,Joint For1044633 L1,Joint For1044633 L1,Joint For1044633 L2,Joint For1044633 L2,null,null,bham,bham,null,null,UNITED KINGDOM,UNITED KINGDOM,b37 7hg,b37 7hg,Test Case is passed
76157,112669,112669,Mortgagee,Mortgagee,191369,191369,2EF7D6D9-D333-4DDC-810C-7F51ADEB7AD3,2ef7d6d9-d333-4ddc-810c-7f51adeb7ad3,FutureChange Party,FutureChange Party,null,null,null,null,null,null,null,null,FutureChange Party,FutureChange Party,FutureChange Party,FutureChange Party,null,null,null,null,null,null,113084,113084,OriginalName Party AddName,OriginalName Party AddName,OriginalName Party L1,OriginalName Party L1,OriginalName Party L2,OriginalName Party L2,null,null,BHam,BHam,null,null,UNITED KINGDOM,UNITED KINGDOM,B37 7HG,B37 7HG,Test Case is passed
76156,112669,112669,Mortgagee,Mortgagee,191368,191368,2EF7D6D9-D333-4DDC-810C-7F51ADEB7AD3,2ef7d6d9-d333-4ddc-810c-7f51adeb7ad3,FutureChange Party,FirstChange Party,null,null,null,null,null,null,null,null,FutureChange Party,FirstChange Party,FutureChange Party,FirstChange Party,null,null,null,null,null,null,113084,113084,OriginalName Party AddName,OriginalName Party AddName,OriginalName Party L1,OriginalName Party L1,OriginalName Party L2,OriginalName Party L2,null,null,BHam,BHam,null,null,UNITED KINGDOM,UNITED KINGDOM,B37 7HG,B37 7HG,Test Case is failed
76155,112669,112669,Mortgagee,Mortgagee,191367,191367,2EF7D6D9-D333-4DDC-810C-7F51ADEB7AD3,2ef7d6d9-d333-4ddc-810c-7f51adeb7ad3,FutureChange Party,FirstChange Party,null,null,null,null,null,null,null,null,FutureChange Party,FirstChange Party,FutureChange Party,FirstChange Party,null,null,null,null,null,null,113084,113084,OriginalName Party AddName,OriginalName Party AddName,OriginalName Party L1,OriginalName Party L1,OriginalName Party L2,OriginalName Party L2,null,null,BHam,BHam,null,null,UNITED KINGDOM,UNITED KINGDOM,B37 7HG,B37 7HG,Test Case is failed
76154,112669,112669,Mortgagee,Mortgagee,191366,191366,2EF7D6D9-D333-4DDC-810C-7F51ADEB7AD3,2ef7d6d9-d333-4ddc-810c-7f51adeb7ad3,FutureChange Party,OriginalName Party,null,null,null,null,null,null,null,null,FutureChange Party,OriginalName Party,FutureChange Party,OriginalName Party,null,null,null,null,null,null,113084,113084,OriginalName Party AddName,OriginalName Party AddName,OriginalName Party L1,OriginalName Party L1,OriginalName Party L2,OriginalName Party L2,null,null,BHam,BHam,null,null,UNITED KINGDOM,UNITED KINGDOM,B37 7HG,B37 7HG,Test Case is failed
76151,112636,112636,Joint Assured,Joint Assured,191361,191361,AEBE0218-CE6A-4CE0-8D0F-F91D1E3163CD,aebe0218-ce6a-4ce0-8d0f-f91d1e3163cd,Party 2 1044606,Party 2 1044606,null,null,null,null,null,null,null,null,Party 2 1044606,Party 2 1044606,Party 2 1044606,Party 2 1044606,null,null,null,null,null,null,113051,113051,Party 2 1044606 AddName,Party 2 1044606 AddName,Party 2 1044606 L1,Party 2 1044606 L1,Party 2 1044606 L2,Party 2 1044606 L2,null,null,Birmingham,Birmingham,null,null,UNITED KINGDOM,UNITED KINGDOM,B37 7HG,B37 7HG,Test Case is passed
76151,112635,112635,Mortgagee,Mortgagee,191360,191360,9E20BB91-F60B-4435-9785-C1764A604F25,9e20bb91-f60b-4435-9785-c1764a604f25,FUTURE 1044606,CHANGED NOW 1044606,null,null,null,null,null,null,null,null,FUTURE 1044606,CHANGED NOW 1044606,FUTURE 1044606,CHANGED NOW 1044606,aa@ab.com,aa@ab.com,+44558877559,+44558877559,+44558866223,+44558866223,113050,113050,Party 1 1044606 AddName,Party 1 1044606 AddName,Party 1 1044606 L1,Party 1 1044606 L1,Party 1 1044606 L2,Party 1 1044606 L2,Party 1 1044606 L3,Party 1 1044606 L3,Birmingham,Birmingham,Warks,Warks,UNITED KINGDOM,UNITED KINGDOM,B37 7HG,B37 7HG,Test Case is failed
76150,112636,112636,Joint Assured,Joint Assured,191359,191359,AEBE0218-CE6A-4CE0-8D0F-F91D1E3163CD,aebe0218-ce6a-4ce0-8d0f-f91d1e3163cd,Party 2 1044606,Party 2 1044606,null,null,null,null,null,null,null,null,Party 2 1044606,Party 2 1044606,Party 2 1044606,Party 2 1044606,null,null,null,null,null,null,113051,113051,Party 2 1044606 AddName,Party 2 1044606 AddName,Party 2 1044606 L1,Party 2 1044606 L1,Party 2 1044606 L2,Party 2 1044606 L2,null,null,Birmingham,Birmingham,null,null,UNITED KINGDOM,UNITED KINGDOM,B37 7HG,B37 7HG,Test Case is passed
76150,112635,112635,Mortgagee,Mortgagee,191358,191358,9E20BB91-F60B-4435-9785-C1764A604F25,9e20bb91-f60b-4435-9785-c1764a604f25,FUTURE 1044606,Party 1 1044606,null,null,null,null,null,null,null,null,FUTURE 1044606,Party 1 1044606,FUTURE 1044606,Party 1 1044606,aa@ab.com,aa@ab.com,+44558877559,+44558877559,+44558866223,+44558866223,113050,113050,Party 1 1044606 AddName,Party 1 1044606 AddName,Party 1 1044606 L1,Party 1 1044606 L1,Party 1 1044606 L2,Party 1 1044606 L2,Party 1 1044606 L3,Party 1 1044606 L3,Birmingham,Birmingham,Warks,Warks,UNITED KINGDOM,UNITED KINGDOM,B37 7HG,B37 7HG,Test Case is failed
76149,112667,112667,Joint Assured,Joint Assured,191357,191357,C72D1082-1765-48AE-BCCB-6AF1D9D9CE31,c72d1082-1765-48ae-bccb-6af1d9d9ce31,Joint For1044636,Joint For1044636,null,null,null,null,null,null,null,null,Joint For1044636,Joint For1044636,Joint For1044636,Joint For1044636,null,null,null,null,null,null,113082,113082,Joint For1044636 Add name,Joint For1044636 Add name,Joint For1044636 L1,Joint For1044636 L1,Joint For1044636 L2,Joint For1044636 L2,null,null,BHAM,BHAM,null,null,UNITED KINGDOM,UNITED KINGDOM,B37 7 HG,B37 7 HG,Test Case is passed
76149,112666,112666,Mortgagee,Mortgagee,191356,191356,BC9098F8-5623-4BFE-8572-29DF3188A812,bc9098f8-5623-4bfe-8572-29df3188a812,Mortgagee For1044636,Mortgagee For1044636,null,null,null,null,null,null,null,null,Mortgagee For1044636,Mortgagee For1044636,Mortgagee For1044636,Mortgagee For1044636,null,null,null,null,null,null,113081,113081,Mortgagee For1044636 Add name,Mortgagee For1044636 Add name,Mortgagee For1044636 l1,Mortgagee For1044636 l1,Mortgagee For1044636 l2,Mortgagee For1044636 l2,null,null,Bham,Bham,null,null,UNITED KINGDOM,UNITED KINGDOM,B37 7HG,B37 7HG,Test Case is passed
76148,112664,112664,Joint Assured,Joint Assured,191355,191355,5287E2D1-667D-4237-8F7D-55056471909F,5287e2d1-667d-4237-8f7d-55056471909f,Joint For1044635,Joint For1044635,null,null,null,null,null,null,null,null,Joint For1044635,Joint For1044635,Joint For1044635,Joint For1044635,null,null,null,null,null,null,113079,113079,Joint For1044635 add name,Joint For1044635 add name,Joint For1044635 l1,Joint For1044635 l1,Joint For1044635l2,Joint For1044635l2,null,null,bham,bham,null,null,UNITED KINGDOM,UNITED KINGDOM,b37 7hg,b37 7hg,Test Case is passed
76148,112663,112663,Mortgagee,Mortgagee,191354,191354,624347BD-5EB6-4374-92D0-1F4B2A07F354,624347bd-5eb6-4374-92d0-1f4b2a07f354,Mortgagee For1044635,Mortgagee For1044635,null,null,null,null,null,null,null,null,Mortgagee For1044635,Mortgagee For1044635,Mortgagee For1044635,Mortgagee For1044635,null,null,null,null,null,null,113078,113078,Mortgagee For1044635 add name,Mortgagee For1044635 add name,Mortgagee For1044635 l1,Mortgagee For1044635 l1,Mortgagee For1044635 l2,Mortgagee For1044635 l2,null,null,bham,bham,null,null,UNITED KINGDOM,UNITED KINGDOM,b37 7hg,b37 7hg,Test Case is passed
76147,112661,112661,Joint Assured,Joint Assured,191353,191353,DBB9C31A-AA3A-46BC-935F-D7DD2913968A,dbb9c31a-aa3a-46bc-935f-d7dd2913968a,Joint For1044634,Joint For1044634,null,null,null,null,null,null,null,null,Joint For1044634,Joint For1044634,Joint For1044634,Joint For1044634,null,null,null,null,null,null,113076,113076,Joint For1044634 add name,Joint For1044634 add name,Joint For1044634 l1,Joint For1044634 l1,Joint For1044634 l2,Joint For1044634 l2,null,null,bham,bham,null,null,UNITED KINGDOM,UNITED KINGDOM,b37 7hg,b37 7hg,Test Case is passed
76147,112660,112660,Joint Assured,Joint Assured,191352,191352,7E6F4E97-E2BD-44E8-84A3-D2702E9C8A15,7e6f4e97-e2bd-44e8-84a3-d2702e9c8a15,Mortgagee For1044634,Mortgagee For1044634,null,null,null,null,null,null,null,null,Mortgagee For1044634,Mortgagee For1044634,Mortgagee For1044634,Mortgagee For1044634,null,null,null,null,null,null,113075,113075,Mortgagee For1044634 add name,Mortgagee For1044634 add name,Mortgagee For1044634 L1,Mortgagee For1044634 L1,Mortgagee For1044634 l2,Mortgagee For1044634 l2,null,null,bham,bham,null,null,UNITED KINGDOM,UNITED KINGDOM,b37 7hg,b37 7hg,Test Case is passed
76146,112657,112657,InterestedParty,InterestedParty,191370,191370,A4D83381-6683-485E-898B-7858C43F7FF8,a4d83381-6683-485e-898b-7858c43f7ff8,Mortgagee For1044633,Mortgagee For1044633,null,null,null,null,null,null,null,null,Mortgagee For1044633,Mortgagee For1044633,Mortgagee For1044633,Mortgagee For1044633,null,null,null,null,null,null,113072,113072,Party For1044633  Add Name,Party For1044633  Add Name,Party For1044633 l1,Party For1044633 l1,Party For1044633 l2,Party For1044633 l2,null,null,bham,bham,null,null,UNITED KINGDOM,UNITED KINGDOM,b37 7hg,b37 7hg,Test Case is passed
76146,112658,112658,Joint Assured,Joint Assured,191351,191351,CE755349-AA88-412B-86AC-864A5B469995,ce755349-aa88-412b-86ac-864a5b469995,Revised Joint For1044633 ,Joint For1044633 ,null,null,null,null,null,null,null,null,Revised Joint For1044633 ,Joint For1044633 ,Revised Joint For1044633 ,Joint For1044633 ,null,null,null,null,null,null,113073,113073,Joint For1044633  Add Name,Joint For1044633  Add Name,Joint For1044633 L1,Joint For1044633 L1,Joint For1044633 L2,Joint For1044633 L2,null,null,bham,bham,null,null,UNITED KINGDOM,UNITED KINGDOM,b37 7hg,b37 7hg,Test Case is failed
76145,112635,112635,Joint Assured,Joint Assured,191349,191349,9E20BB91-F60B-4435-9785-C1764A604F25,9e20bb91-f60b-4435-9785-c1764a604f25,FUTURE 1044606,FUTURE 1044606,null,null,null,null,null,null,null,null,FUTURE 1044606,FUTURE 1044606,FUTURE 1044606,FUTURE 1044606,aa@ab.com,aa@ab.com,+44558877559,+44558877559,+44558866223,+44558866223,113050,113050,Party 1 1044606 AddName,Party 1 1044606 AddName,Party 1 1044606 L1,Party 1 1044606 L1,Party 1 1044606 L2,Party 1 1044606 L2,Party 1 1044606 L3,Party 1 1044606 L3,Birmingham,Birmingham,Warks,Warks,UNITED KINGDOM,UNITED KINGDOM,B37 7HG,B37 7HG,Test Case is passed
76144,112635,112635,Joint Assured,Joint Assured,191348,191348,9E20BB91-F60B-4435-9785-C1764A604F25,9e20bb91-f60b-4435-9785-c1764a604f25,FUTURE 1044606,Party 1 1044606,null,null,null,null,null,null,null,null,FUTURE 1044606,Party 1 1044606,FUTURE 1044606,Party 1 1044606,aa@ab.com,aa@ab.com,+44558877559,+44558877559,+44558866223,+44558866223,113050,113050,Party 1 1044606 AddName,Party 1 1044606 AddName,Party 1 1044606 L1,Party 1 1044606 L1,Party 1 1044606 L2,Party 1 1044606 L2,Party 1 1044606 L3,Party 1 1044606 L3,Birmingham,Birmingham,Warks,Warks,UNITED KINGDOM,UNITED KINGDOM,B37 7HG,B37 7HG,Test Case is failed
76143,112641,112641,Joint Assured,Joint Assured,191347,191347,78D5863D-612F-48A1-AF6B-137B9FFB4B54,78d5863d-612f-48a1-af6b-137b9ffb4b54,JAParty For1044613,JAParty For1044613,null,null,null,null,null,null,null,null,JAParty For1044613,JAParty For1044613,JAParty For1044613,JAParty For1044613,null,null,null,null,null,null,113056,113056,JAParty For1044613 AddName,JAParty For1044613 AddName,JAParty For1044613 L1,JAParty For1044613 L1,JAParty For1044613 L2,JAParty For1044613 L2,null,null,BHAM,BHAM,null,null,UNITED KINGDOM,UNITED KINGDOM,B37 7 HG,B37 7 HG,Test Case is passed
76142,112641,112641,Joint Assured,Joint Assured,191346,191346,78D5863D-612F-48A1-AF6B-137B9FFB4B54,78d5863d-612f-48a1-af6b-137b9ffb4b54,JAParty For1044613,JAParty For1044613,null,null,null,null,null,null,null,null,JAParty For1044613,JAParty For1044613,JAParty For1044613,JAParty For1044613,null,null,null,null,null,null,113056,113056,JAParty For1044613 AddName,JAParty For1044613 AddName,JAParty For1044613 L1,JAParty For1044613 L1,JAParty For1044613 L2,JAParty For1044613 L2,null,null,BHAM,BHAM,null,null,UNITED KINGDOM,UNITED KINGDOM,B37 7 HG,B37 7 HG,Test Case is passed
76137,112653,112653,Crew Manager,Crew Manager,191345,191345,55D00082-BED3-407E-B236-7578339532A8,55d00082-bed3-407e-b236-7578339532a8,Party For1044628,Party For1044628,null,null,null,null,null,null,null,null,Party For1044628,Party For1044628,Party For1044628,Party For1044628,null,null,null,null,null,null,113068,113068,Party For1044628 AddName,Party For1044628 AddName,Party For1044628 L1,Party For1044628 L1,Party For1044628 L2,Party For1044628 L2,null,null,BHAM,BHAM,null,null,UNITED KINGDOM,UNITED KINGDOM,B37 7HG,B37 7HG,Test Case is passed
76136,112653,112653,Crew Manager,Crew Manager,191344,191344,55D00082-BED3-407E-B236-7578339532A8,55d00082-bed3-407e-b236-7578339532a8,Party For1044628,Party For1044628,null,null,null,null,null,null,null,null,Party For1044628,Party For1044628,Party For1044628,Party For1044628,null,null,null,null,null,null,113068,113068,Party For1044628 AddName,Party For1044628 AddName,Party For1044628 L1,Party For1044628 L1,Party For1044628 L2,Party For1044628 L2,null,null,BHAM,BHAM,null,null,UNITED KINGDOM,UNITED KINGDOM,B37 7HG,B37 7HG,Test Case is passed
76135,112650,112650,Co-assured,Co-assured,191343,191343,105A477C-1F54-4D56-B254-A7DD5A7F0219,105a477c-1f54-4d56-b254-a7dd5a7f0219,Party For1044620,Party For1044620,null,null,null,null,null,null,null,null,Party For1044620,Party For1044620,Party For1044620,Party For1044620,null,null,null,null,null,null,113065,113065,Party For1044620 AddName,Party For1044620 AddName,Party For1044620 L1,Party For1044620 L1,Party For1044620 L2,Party For1044620 L2,null,null,BHAM,BHAM,null,null,UNITED KINGDOM,UNITED KINGDOM,B37 7 HG,B37 7 HG,Test Case is passed
76134,112651,112651,Joint Assured,Joint Assured,191342,191342,8AE20AEC-BED3-4411-A08F-12ECF2A0B4BC,8ae20aec-bed3-4411-a08f-12ecf2a0b4bc,JAParty For1044621,JAParty For1044621,null,null,null,null,null,null,null,null,JAParty For1044621,JAParty For1044621,JAParty For1044621,JAParty For1044621,null,null,null,null,null,null,113066,113066,JAParty For1044621 AddName,JAParty For1044621 AddName,JAParty For1044621L1,JAParty For1044621L1,JAParty For1044621 L2,JAParty For1044621 L2,null,null,BHAM,BHAM,null,null,UNITED KINGDOM,UNITED KINGDOM,B37 7HG,B37 7HG,Test Case is passed
76131,112650,112650,Co-assured,Co-assured,191339,191339,105A477C-1F54-4D56-B254-A7DD5A7F0219,105a477c-1f54-4d56-b254-a7dd5a7f0219,Party For1044620,Party For1044620,null,null,null,null,null,null,null,null,Party For1044620,Party For1044620,Party For1044620,Party For1044620,null,null,null,null,null,null,113065,113065,Party For1044620 AddName,Party For1044620 AddName,Party For1044620 L1,Party For1044620 L1,Party For1044620 L2,Party For1044620 L2,null,null,BHAM,BHAM,null,null,UNITED KINGDOM,UNITED KINGDOM,B37 7 HG,B37 7 HG,Test Case is passed
76130,112651,112651,Joint Assured,Joint Assured,191338,191338,8AE20AEC-BED3-4411-A08F-12ECF2A0B4BC,8ae20aec-bed3-4411-a08f-12ecf2a0b4bc,JAParty For1044621,JAParty For1044621,null,null,null,null,null,null,null,null,JAParty For1044621,JAParty For1044621,JAParty For1044621,JAParty For1044621,null,null,null,null,null,null,113066,113066,JAParty For1044621 AddName,JAParty For1044621 AddName,JAParty For1044621L1,JAParty For1044621L1,JAParty For1044621 L2,JAParty For1044621 L2,null,null,BHAM,BHAM,null,null,UNITED KINGDOM,UNITED KINGDOM,B37 7HG,B37 7HG,Test Case is passed
76123,112651,112651,Joint Assured,Joint Assured,191337,191337,8AE20AEC-BED3-4411-A08F-12ECF2A0B4BC,8ae20aec-bed3-4411-a08f-12ecf2a0b4bc,JAParty For1044621,JAParty For1044621,null,null,null,null,null,null,null,null,JAParty For1044621,JAParty For1044621,JAParty For1044621,JAParty For1044621,null,null,null,null,null,null,113066,113066,JAParty For1044621 AddName,JAParty For1044621 AddName,JAParty For1044621L1,JAParty For1044621L1,JAParty For1044621 L2,JAParty For1044621 L2,null,null,BHAM,BHAM,null,null,UNITED KINGDOM,UNITED KINGDOM,B37 7HG,B37 7HG,Test Case is passed
76122,112651,112651,Joint Assured,Joint Assured,191336,191336,8AE20AEC-BED3-4411-A08F-12ECF2A0B4BC,8ae20aec-bed3-4411-a08f-12ecf2a0b4bc,JAParty For1044621,JAParty For1044621,null,null,null,null,null,null,null,null,JAParty For1044621,JAParty For1044621,JAParty For1044621,JAParty For1044621,null,null,null,null,null,null,113066,113066,JAParty For1044621 AddName,JAParty For1044621 AddName,JAParty For1044621L1,JAParty For1044621L1,JAParty For1044621 L2,JAParty For1044621 L2,null,null,BHAM,BHAM,null,null,UNITED KINGDOM,UNITED KINGDOM,B37 7HG,B37 7HG,Test Case is passed
76121,112650,112650,Co-assured,Co-assured,191335,191335,105A477C-1F54-4D56-B254-A7DD5A7F0219,105a477c-1f54-4d56-b254-a7dd5a7f0219,Party For1044620,Party For1044620,null,null,null,null,null,null,null,null,Party For1044620,Party For1044620,Party For1044620,Party For1044620,null,null,null,null,null,null,113065,113065,Party For1044620 AddName,Party For1044620 AddName,Party For1044620 L1,Party For1044620 L1,Party For1044620 L2,Party For1044620 L2,null,null,BHAM,BHAM,null,null,UNITED KINGDOM,UNITED KINGDOM,B37 7 HG,B37 7 HG,Test Case is passed
76120,112650,112650,Co-assured,Co-assured,191334,191334,105A477C-1F54-4D56-B254-A7DD5A7F0219,105a477c-1f54-4d56-b254-a7dd5a7f0219,Party For1044620,Party For1044620,null,null,null,null,null,null,null,null,Party For1044620,Party For1044620,Party For1044620,Party For1044620,null,null,null,null,null,null,113065,113065,Party For1044620 AddName,Party For1044620 AddName,Party For1044620 L1,Party For1044620 L1,Party For1044620 L2,Party For1044620 L2,null,null,BHAM,BHAM,null,null,UNITED KINGDOM,UNITED KINGDOM,B37 7 HG,B37 7 HG,Test Case is passed
76119,112648,112648,InterestedParty,InterestedParty,191333,191333,E429E2B9-CAA8-436A-819E-B497706D493A,e429e2b9-caa8-436a-819e-b497706d493a,Party For1044619,Party For1044619,null,null,null,null,null,null,null,null,Party For1044619,Party For1044619,Party For1044619,Party For1044619,null,null,null,null,null,null,113063,113063,Party For1044619 AddName,Party For1044619 AddName,Party For1044619 L1,Party For1044619 L1,Party For1044619 L2,Party For1044619 L2,null,null,BHAM,BHAM,null,null,UNITED KINGDOM,UNITED KINGDOM,B37 7HG,B37 7HG,Test Case is passed
76118,112648,112648,InterestedParty,InterestedParty,191332,191332,E429E2B9-CAA8-436A-819E-B497706D493A,e429e2b9-caa8-436a-819e-b497706d493a,Party For1044619,Party For1044619,null,null,null,null,null,null,null,null,Party For1044619,Party For1044619,Party For1044619,Party For1044619,null,null,null,null,null,null,113063,113063,Party For1044619 AddName,Party For1044619 AddName,Party For1044619 L1,Party For1044619 L1,Party For1044619 L2,Party For1044619 L2,null,null,BHAM,BHAM,null,null,UNITED KINGDOM,UNITED KINGDOM,B37 7HG,B37 7HG,Test Case is passed
76113,112647,112647,Mortgagee,Mortgagee,191331,191331,D7723C55-E499-42FA-A61F-E43C59D32E01,d7723c55-e499-42fa-a61f-e43c59d32e01,OtherParty For1044616,OtherParty For1044616,null,null,null,null,null,null,null,null,OtherParty For1044616,OtherParty For1044616,OtherParty For1044616,OtherParty For1044616,null,null,null,null,null,null,113062,113062,OtherParty For1044616 AddName,OtherParty For1044616 AddName,OtherParty For1044616 L1,OtherParty For1044616 L1,OtherParty For1044616 L2,OtherParty For1044616 L2,null,null,BHAM,BHAM,null,null,UNITED KINGDOM,UNITED KINGDOM,B37 7 HG,B37 7 HG,Test Case is passed
76113,112646,112646,Joint Assured,Joint Assured,191330,191330,2825DF29-B3CE-4F52-ABB7-0D83B09C6D0A,2825df29-b3ce-4f52-abb7-0d83b09c6d0a,JointParty For1044616,JointParty For1044616,null,null,null,null,null,null,null,null,JointParty For1044616,JointParty For1044616,JointParty For1044616,JointParty For1044616,o@no.com,o@no.com,+445588669,+445588669,+44557711225,+44557711225,113061,113061,JointParty For1044616 Add Name,JointParty For1044616 Add Name,JointParty For1044616 L1,JointParty For1044616 L1,JointParty For1044616 L2,JointParty For1044616 L2,null,null,BHAM,BHAM,null,null,UNITED KINGDOM,UNITED KINGDOM,B37 7 HG,B37 7 HG,Test Case is passed
76112,112647,112647,Mortgagee,Mortgagee,191329,191329,D7723C55-E499-42FA-A61F-E43C59D32E01,d7723c55-e499-42fa-a61f-e43c59d32e01,OtherParty For1044616,OtherParty For1044616,null,null,null,null,null,null,null,null,OtherParty For1044616,OtherParty For1044616,OtherParty For1044616,OtherParty For1044616,null,null,null,null,null,null,113062,113062,OtherParty For1044616 AddName,OtherParty For1044616 AddName,OtherParty For1044616 L1,OtherParty For1044616 L1,OtherParty For1044616 L2,OtherParty For1044616 L2,null,null,BHAM,BHAM,null,null,UNITED KINGDOM,UNITED KINGDOM,B37 7 HG,B37 7 HG,Test Case is passed
76112,112646,112646,Joint Assured,Joint Assured,191328,191328,2825DF29-B3CE-4F52-ABB7-0D83B09C6D0A,2825df29-b3ce-4f52-abb7-0d83b09c6d0a,JointParty For1044616,JointParty For1044616,null,null,null,null,null,null,null,null,JointParty For1044616,JointParty For1044616,JointParty For1044616,JointParty For1044616,o@no.com,o@no.com,+445588669,+445588669,+44557711225,+44557711225,113061,113061,JointParty For1044616 Add Name,JointParty For1044616 Add Name,JointParty For1044616 L1,JointParty For1044616 L1,JointParty For1044616 L2,JointParty For1044616 L2,null,null,BHAM,BHAM,null,null,UNITED KINGDOM,UNITED KINGDOM,B37 7 HG,B37 7 HG,Test Case is passed
76109,112643,112643,Crew Manager,Crew Manager,191327,191327,61D57DF6-B7BC-4910-A8AF-52DFCB79EBC5,61d57df6-b7bc-4910-a8af-52dfcb79ebc5,Party For1044614,Party For1044614,null,null,null,null,null,null,null,null,Party For1044614,Party For1044614,Party For1044614,Party For1044614,null,null,null,null,null,null,113058,113058,Party For1044614 addName,Party For1044614 addName,Party For1044614 L1,Party For1044614 L1,Party For1044614 L2,Party For1044614 L2,null,null,Bham,Bham,null,null,UNITED KINGDOM,UNITED KINGDOM,B37 7HG,B37 7HG,Test Case is passed
76108,112643,112643,Crew Manager,Crew Manager,191326,191326,61D57DF6-B7BC-4910-A8AF-52DFCB79EBC5,61d57df6-b7bc-4910-a8af-52dfcb79ebc5,Party For1044614,Party For1044614,null,null,null,null,null,null,null,null,Party For1044614,Party For1044614,Party For1044614,Party For1044614,null,null,null,null,null,null,113058,113058,Party For1044614 addName,Party For1044614 addName,Party For1044614 L1,Party For1044614 L1,Party For1044614 L2,Party For1044614 L2,null,null,Bham,Bham,null,null,UNITED KINGDOM,UNITED KINGDOM,B37 7HG,B37 7HG,Test Case is passed
76107,112641,112641,Joint Assured,Joint Assured,191325,191325,78D5863D-612F-48A1-AF6B-137B9FFB4B54,78d5863d-612f-48a1-af6b-137b9ffb4b54,JAParty For1044613,JAParty For1044613,null,null,null,null,null,null,null,null,JAParty For1044613,JAParty For1044613,JAParty For1044613,JAParty For1044613,null,null,null,null,null,null,113056,113056,JAParty For1044613 AddName,JAParty For1044613 AddName,JAParty For1044613 L1,JAParty For1044613 L1,JAParty For1044613 L2,JAParty For1044613 L2,null,null,BHAM,BHAM,null,null,UNITED KINGDOM,UNITED KINGDOM,B37 7 HG,B37 7 HG,Test Case is passed
76106,112641,112641,Joint Assured,Joint Assured,191324,191324,78D5863D-612F-48A1-AF6B-137B9FFB4B54,78d5863d-612f-48a1-af6b-137b9ffb4b54,JAParty For1044613,JAParty For1044613,null,null,null,null,null,null,null,null,JAParty For1044613,JAParty For1044613,JAParty For1044613,JAParty For1044613,null,null,null,null,null,null,113056,113056,JAParty For1044613 AddName,JAParty For1044613 AddName,JAParty For1044613 L1,JAParty For1044613 L1,JAParty For1044613 L2,JAParty For1044613 L2,null,null,BHAM,BHAM,null,null,UNITED KINGDOM,UNITED KINGDOM,B37 7 HG,B37 7 HG,Test Case is passed
76105,112639,112639,InterestedParty,InterestedParty,191323,191323,AAF9CD1C-BB94-44D4-BB19-DBEE6D832328,aaf9cd1c-bb94-44d4-bb19-dbee6d832328,Party For1044612,Party For1044612,null,null,null,null,null,null,null,null,Party For1044612,Party For1044612,Party For1044612,Party For1044612,null,null,null,null,null,null,113054,113054,Party For1044612 AddName,Party For1044612 AddName,Party For1044612 L1,Party For1044612 L1,Party For1044612 L2,Party For1044612 L2,null,null,BHAM,BHAM,null,null,UNITED KINGDOM,UNITED KINGDOM,B37 7 HG,B37 7 HG,Test Case is passed
76104,112639,112639,InterestedParty,InterestedParty,191322,191322,AAF9CD1C-BB94-44D4-BB19-DBEE6D832328,aaf9cd1c-bb94-44d4-bb19-dbee6d832328,Party For1044612,Party For1044612,null,null,null,null,null,null,null,null,Party For1044612,Party For1044612,Party For1044612,Party For1044612,null,null,null,null,null,null,113054,113054,Party For1044612 AddName,Party For1044612 AddName,Party For1044612 L1,Party For1044612 L1,Party For1044612 L2,Party For1044612 L2,null,null,BHAM,BHAM,null,null,UNITED KINGDOM,UNITED KINGDOM,B37 7 HG,B37 7 HG,Test Case is passed
76103,112638,112638,Joint Assured,Joint Assured,191321,191321,D8007716-C858-43B4-A79A-8C19E49FC926,d8007716-c858-43b4-a79a-8c19e49fc926,Party For1044611,Party For1044611,null,null,null,null,null,null,null,null,Party For1044611,Party For1044611,Party For1044611,Party For1044611,null,null,null,null,null,null,113053,113053,Party For1044611 AddName,Party For1044611 AddName,Party For1044611 L1,Party For1044611 L1,Party For1044611 L2,Party For1044611 L2,null,null,BHAM,BHAM,null,null,UNITED KINGDOM,UNITED KINGDOM,B37 7HG,B37 7HG,Test Case is passed
76101,112637,112637,Crew Manager,Crew Manager,191320,191320,5B7B7A09-695F-47E6-8D3A-09FD04CD2BDE,5b7b7a09-695f-47e6-8d3a-09fd04cd2bde,Party Case4,Party Case4,null,null,null,null,null,null,null,null,Party Case4,Party Case4,Party Case4,Party Case4,null,null,null,null,null,null,113052,113052,Party Case4 AddName,Party Case4 AddName,Party Case4 L1,Party Case4 L1,Party Case4 L2,Party Case4 L2,null,null,BHAM,BHAM,null,null,UNITED KINGDOM,UNITED KINGDOM,B37 7 HG,B37 7 HG,Test Case is passed
76098,112636,112636,Joint Assured,Joint Assured,191319,191319,AEBE0218-CE6A-4CE0-8D0F-F91D1E3163CD,aebe0218-ce6a-4ce0-8d0f-f91d1e3163cd,Party 2 1044606,Party 2 1044606,null,null,null,null,null,null,null,null,Party 2 1044606,Party 2 1044606,Party 2 1044606,Party 2 1044606,null,null,null,null,null,null,113051,113051,Party 2 1044606 AddName,Party 2 1044606 AddName,Party 2 1044606 L1,Party 2 1044606 L1,Party 2 1044606 L2,Party 2 1044606 L2,null,null,Birmingham,Birmingham,null,null,UNITED KINGDOM,UNITED KINGDOM,B37 7HG,B37 7HG,Test Case is passed
76098,112635,112635,Mortgagee,Mortgagee,191318,191318,9E20BB91-F60B-4435-9785-C1764A604F25,9e20bb91-f60b-4435-9785-c1764a604f25,FUTURE 1044606,Party 1 1044606,null,null,null,null,null,null,null,null,FUTURE 1044606,Party 1 1044606,FUTURE 1044606,Party 1 1044606,aa@ab.com,aa@ab.com,+44558877559,+44558877559,+44558866223,+44558866223,113050,113050,Party 1 1044606 AddName,Party 1 1044606 AddName,Party 1 1044606 L1,Party 1 1044606 L1,Party 1 1044606 L2,Party 1 1044606 L2,Party 1 1044606 L3,Party 1 1044606 L3,Birmingham,Birmingham,Warks,Warks,UNITED KINGDOM,UNITED KINGDOM,B37 7HG,B37 7HG,Test Case is failed
76095,112633,112633,Non-Affiliated contractor/charterer Co-Assured,Non-Affiliated contractor/charterer Co-Assured,191317,191317,F447BBE1-247C-40AF-BC41-F325868F3D2C,f447bbe1-247c-40af-bc41-f325868f3d2c,house,house,null,null,null,null,null,null,null,null,house,house,house,house,null,null,null,null,null,null,113048,113048,null,null,null,null,null,null,null,null,null,null,null,null,null,null,null,null,Test Case is passed
76094,112631,112631,Crew Manager,Crew Manager,191316,191316,BA15F2C7-D485-4B9B-A387-BF6FE4835A1B,ba15f2c7-d485-4b9b-a387-bf6fe4835a1b,bob,bob,null,null,null,null,null,null,null,null,bob,bob,bob,bob,null,null,null,null,null,null,113046,113046,null,null,null,null,null,null,null,null,null,null,null,null,null,null,null,null,Test Case is passed
76093,112631,112631,Crew Manager,Crew Manager,191315,191315,BA15F2C7-D485-4B9B-A387-BF6FE4835A1B,ba15f2c7-d485-4b9b-a387-bf6fe4835a1b,bob,bob,null,null,null,null,null,null,null,null,bob,bob,bob,bob,null,null,null,null,null,null,113046,113046,null,null,null,null,null,null,null,null,null,null,null,null,null,null,null,null,Test Case is passed
76091,112628,112628,Mortgagee,Mortgagee,191314,191314,A6A60DD8-8C74-4E9E-94F9-C3BCDD3AB141,a6a60dd8-8c74-4e9e-94f9-c3bcdd3ab141,Case1 Party,Case1 Party,null,null,null,null,null,null,null,null,Case1 Party,Case1 Party,Case1 Party,Case1 Party,null,null,null,null,null,null,113043,113043,Case1 Party Add name,Case1 Party Add name,Case1 Party L1,Case1 Party L1,Case1 Party L2,Case1 Party L2,Case1 Party L3,Case1 Party L3,null,null,Birmingham,Birmingham,UNITED KINGDOM,UNITED KINGDOM,B37 7HG,B37 7HG,Test Case is passed
76090,112628,112628,Mortgagee,Mortgagee,191313,191313,A6A60DD8-8C74-4E9E-94F9-C3BCDD3AB141,a6a60dd8-8c74-4e9e-94f9-c3bcdd3ab141,Case1 Party,Case1 Party,null,null,null,null,null,null,null,null,Case1 Party,Case1 Party,Case1 Party,Case1 Party,null,null,null,null,null,null,113043,113043,Case1 Party Add name,Case1 Party Add name,Case1 Party L1,Case1 Party L1,Case1 Party L2,Case1 Party L2,Case1 Party L3,Case1 Party L3,null,null,Birmingham,Birmingham,UNITED KINGDOM,UNITED KINGDOM,B37 7HG,B37 7HG,Test Case is passed
76089,112628,112628,Mortgagee,Mortgagee,191312,191312,A6A60DD8-8C74-4E9E-94F9-C3BCDD3AB141,a6a60dd8-8c74-4e9e-94f9-c3bcdd3ab141,Case1 Party,Case1 Party,null,null,null,null,null,null,null,null,Case1 Party,Case1 Party,Case1 Party,Case1 Party,null,null,null,null,null,null,113043,113043,Case1 Party Add name,Case1 Party Add name,Case1 Party L1,Case1 Party L1,Case1 Party L2,Case1 Party L2,Case1 Party L3,Case1 Party L3,null,null,Birmingham,Birmingham,UNITED KINGDOM,UNITED KINGDOM,B37 7HG,B37 7HG,Test Case is passed
76088,112628,112628,Mortgagee,Mortgagee,191311,191311,A6A60DD8-8C74-4E9E-94F9-C3BCDD3AB141,a6a60dd8-8c74-4e9e-94f9-c3bcdd3ab141,Case1 Party,Case1 Party,null,null,null,null,null,null,null,null,Case1 Party,Case1 Party,Case1 Party,Case1 Party,null,null,null,null,null,null,113043,113043,Case1 Party Add name,Case1 Party Add name,Case1 Party L1,Case1 Party L1,Case1 Party L2,Case1 Party L2,Case1 Party L3,Case1 Party L3,null,null,Birmingham,Birmingham,UNITED KINGDOM,UNITED KINGDOM,B37 7HG,B37 7HG,Test Case is passed
76085,112627,112627,Joint Assured,Joint Assured,191310,191310,2F0B1E49-CFD9-4F52-B16E-3C91DBA28ABA,2f0b1e49-cfd9-4f52-b16e-3c91dba28aba,Party3 Variety,Party3 Variety,null,null,null,null,null,null,null,null,Party3 Variety,Party3 Variety,Party3 Variety,Party3 Variety,null,null,null,null,null,null,113042,113042,Party3 Variety Add Name,Party3 Variety Add Name,Party3 Variety L1,Party3 Variety L1,Party3 Variety L2,Party3 Variety L2,null,null,Bham,Bham,null,null,UNITED KINGDOM,UNITED KINGDOM,B37 7 HG,B37 7 HG,Test Case is passed
76084,112627,112627,Joint Assured,Joint Assured,191309,191309,2F0B1E49-CFD9-4F52-B16E-3C91DBA28ABA,2f0b1e49-cfd9-4f52-b16e-3c91dba28aba,Party3 Variety,Party3 Variety,null,null,null,null,null,null,null,null,Party3 Variety,Party3 Variety,Party3 Variety,Party3 Variety,null,null,null,null,null,null,113042,113042,Party3 Variety Add Name,Party3 Variety Add Name,Party3 Variety L1,Party3 Variety L1,Party3 Variety L2,Party3 Variety L2,null,null,Bham,Bham,null,null,UNITED KINGDOM,UNITED KINGDOM,B37 7 HG,B37 7 HG,Test Case is passed
76083,112625,112625,Mortgagee,Mortgagee,191308,191308,15D9259E-8F5A-408E-83FC-B2FC6C4CEDFD,15d9259e-8f5a-408e-83fc-b2fc6c4cedfd,PartyDos,PartyDos,null,null,null,null,null,null,null,null,PartyDos,PartyDos,PartyDos,PartyDos,null,null,null,null,null,null,113040,113040,PartyDos AddName,PartyDos AddName,PartyDos L1,PartyDos L1,PartyDos L2,PartyDos L2,null,null,Birmingham,Birmingham,Alabama,Alabama,UNITED STATES OF AMERICA,UNITED STATES OF AMERICA,B37 7 HG,B37 7 HG,Test Case is passed
76082,112625,112625,Mortgagee,Mortgagee,191307,191307,15D9259E-8F5A-408E-83FC-B2FC6C4CEDFD,15d9259e-8f5a-408e-83fc-b2fc6c4cedfd,PartyDos,PartyDos,null,null,null,null,null,null,null,null,PartyDos,PartyDos,PartyDos,PartyDos,null,null,null,null,null,null,113040,113040,PartyDos AddName,PartyDos AddName,PartyDos L1,PartyDos L1,PartyDos L2,PartyDos L2,null,null,Birmingham,Birmingham,Alabama,Alabama,UNITED STATES OF AMERICA,UNITED STATES OF AMERICA,B37 7 HG,B37 7 HG,Test Case is passed
76081,112624,112624,Joint Assured,Joint Assured,191306,191306,4941AF35-C3A6-4A8E-ADE0-72C692E73A8C,4941af35-c3a6-4a8e-ade0-72c692e73a8c,NewParty For155070,NewParty For155070,null,null,null,null,null,null,null,null,NewParty For155070,NewParty For155070,NewParty For155070,NewParty For155070,null,null,null,null,null,null,113039,113039,NewParty For155070 Add Name,NewParty For155070 Add Name,NewParty For155070 L1,NewParty For155070 L1,NewParty For155070 L2,NewParty For155070 L2,null,null,BHAM,BHAM,Alabama,Alabama,UNITED STATES OF AMERICA,UNITED STATES OF AMERICA,234324,234324,Test Case is passed
76079,112624,112624,Joint Assured,Joint Assured,191304,191304,4941AF35-C3A6-4A8E-ADE0-72C692E73A8C,4941af35-c3a6-4a8e-ade0-72c692e73a8c,NewParty For155070,NewParty For155070,null,null,null,null,null,null,null,null,NewParty For155070,NewParty For155070,NewParty For155070,NewParty For155070,null,null,null,null,null,null,113039,113039,NewParty For155070 Add Name,NewParty For155070 Add Name,NewParty For155070 L1,NewParty For155070 L1,NewParty For155070 L2,NewParty For155070 L2,null,null,BHAM,BHAM,Alabama,Alabama,UNITED STATES OF AMERICA,UNITED STATES OF AMERICA,234324,234324,Test Case is passed
76078,112624,112624,Joint Assured,Joint Assured,191303,191303,4941AF35-C3A6-4A8E-ADE0-72C692E73A8C,4941af35-c3a6-4a8e-ade0-72c692e73a8c,NewParty For155070,NewParty For155070,null,null,null,null,null,null,null,null,NewParty For155070,NewParty For155070,NewParty For155070,NewParty For155070,null,null,null,null,null,null,113039,113039,NewParty For155070 Add Name,NewParty For155070 Add Name,NewParty For155070 L1,NewParty For155070 L1,NewParty For155070 L2,NewParty For155070 L2,null,null,BHAM,BHAM,Alabama,Alabama,UNITED STATES OF AMERICA,UNITED STATES OF AMERICA,234324,234324,Test Case is passed
76077,112624,112624,Joint Assured,Joint Assured,191302,191302,4941AF35-C3A6-4A8E-ADE0-72C692E73A8C,4941af35-c3a6-4a8e-ade0-72c692e73a8c,NewParty For155070,NewParty For155070,null,null,null,null,null,null,null,null,NewParty For155070,NewParty For155070,NewParty For155070,NewParty For155070,null,null,null,null,null,null,113039,113039,NewParty For155070 Add Name,NewParty For155070 Add Name,NewParty For155070 L1,NewParty For155070 L1,NewParty For155070 L2,NewParty For155070 L2,null,null,BHAM,BHAM,Alabama,Alabama,UNITED STATES OF AMERICA,UNITED STATES OF AMERICA,234324,234324,Test Case is passed
76057,112621,112621,Joint Assured,Joint Assured,191301,191301,BEBF6865-D902-4BE3-824D-8C89B0AF35A6,bebf6865-d902-4be3-824d-8c89b0af35a6,JAParty ForTC,JAParty ForTC,null,null,null,null,null,null,null,null,JAParty ForTC,JAParty ForTC,JAParty ForTC,JAParty ForTC,null,null,null,null,null,null,113036,113036,JAParty ForTC Add Name,JAParty ForTC Add Name,JAParty ForTC L1,JAParty ForTC L1,JAParty ForTC L2,JAParty ForTC L2,null,null,BHAM,BHAM,null,null,UNITED KINGDOM,UNITED KINGDOM,B37 7HG,B37 7HG,Test Case is passed
76056,112621,112621,Joint Assured,Joint Assured,191300,191300,BEBF6865-D902-4BE3-824D-8C89B0AF35A6,bebf6865-d902-4be3-824d-8c89b0af35a6,JAParty ForTC,JAParty ForTC,null,null,null,null,null,null,null,null,JAParty ForTC,JAParty ForTC,JAParty ForTC,JAParty ForTC,null,null,null,null,null,null,113036,113036,JAParty ForTC Add Name,JAParty ForTC Add Name,JAParty ForTC L1,JAParty ForTC L1,JAParty ForTC L2,JAParty ForTC L2,null,null,BHAM,BHAM,null,null,UNITED KINGDOM,UNITED KINGDOM,B37 7HG,B37 7HG,Test Case is passed
76055,112619,112619,Joint Assured,Joint Assured,191299,191299,D7AA2EB0-958C-4380-B598-4DC538575756,d7aa2eb0-958c-4380-b598-4dc538575756,JOINT P1,JOINT P1,null,null,null,null,null,null,null,null,JOINT P1,JOINT P1,JOINT P1,JOINT P1,null,null,null,null,null,null,113034,113034,JOINT P1 Add Name,JOINT P1 Add Name,JOINT P1 L1,JOINT P1 L1,JOINT P1 L2,JOINT P1 L2,null,null,BHAM,BHAM,null,null,UNITED KINGDOM,UNITED KINGDOM,B37 7HG,B37 7HG,Test Case is passed
76052,64136,64136,Joint Assured,Joint Assured,191298,191298,DCE3D3D3-BB84-E611-8C3F-005056B03908,dce3d3d3-bb84-e611-8c3f-005056b03908,Zandexploitatiemaatschappij Reimerswaal B.V (as juridical owner),Zandexploitatiemaatschappij Reimerswaal B.V (as juridical owner),null,null,null,null,null,null,Zandexploitatiemaatschappij Reimerswaal B.V (as juridical owner),Zandexploitatiemaatschappij Reimerswaal B.V (as juridical owner),Zandexploitatiemaatschappij Reimerswaal B.V (as juridical owner),Zandexploitatiemaatschappij Reimerswaal B.V (as juridical owner),Zandexploitatiemaatschappij Reimerswaal B.V (as juridical owner),Zandexploitatiemaatschappij Reimerswaal B.V (as juridical owner),null,null,null,null,null,null,19647,19647,Nieuwe Diep 1,Nieuwe Diep 1,null,null,null,null,null,null,4465 AA GOES,4465 AA GOES,null,null,NETHERLANDS,NETHERLANDS,null,null,Test Case is passed
76052,17675,17675,Crew Manager,Crew Manager,191297,191297,A05EF58B-5C27-4318-A1FA-AFE53674098C,a05ef58b-5c27-4318-a1fa-afe53674098c,Seacontractors Bv,Seacontractors Bv,null,null,,,null,null,Seacontractors,Seacontractors,Seacontractors Bv,Seacontractors Bv,Seacontractors Bv,Seacontractors Bv,null,null,null,null,null,null,27305,27305, 102278,null,null, null,null,null, null,null,null, null,null,null, null,,, null,null,null, null,null,null, null,null,null, null,Test Case is failed
76052,17675,17675,Crew Manager,Crew Manager,191297,191297,A05EF58B-5C27-4318-A1FA-AFE53674098C,a05ef58b-5c27-4318-a1fa-afe53674098c,Seacontractors Bv,Seacontractors Bv,null,null,,,null,null,Seacontractors,Seacontractors,Seacontractors Bv,Seacontractors Bv,Seacontractors Bv,Seacontractors Bv,null,null,null,null,null,null,102278,27305, 102278,null,null, null,null,null, null,null,null, null,null,null, null,null,, null,null,null, null,null,null, null,null,null, null,Test Case is failed
76052,64524,64524,Joint Assured,Joint Assured,191296,191296,F217FCAD-96D7-45DA-A241-6128DE006C1E,f217fcad-96d7-45da-a241-6128de006c1e,Reimerswaal Dredging V.O.F. (as economic owner),Reimerswaal Dredging V.O.F. (as economic owner),null,null,null,null,null,null,Reimerswaal Dredging V.O.F. (as economic owner),Reimerswaal Dredging V.O.F. (as economic owner),Reimerswaal Dredging V.O.F. (as economic owner),Reimerswaal Dredging V.O.F. (as economic owner),Reimerswaal Dredging V.O.F. (as economic owner),Reimerswaal Dredging V.O.F. (as economic owner),null,null,null,null,null,null,48626,48626,null,null,null,null,null,null,null,null,null,null,null,null,null,null,null,null,Test Case is passed
76052,74843,74843,Mortgagee,Mortgagee,191295,191295,CEAC6EE4-134D-E411-AF7D-001F29E68CCE,ceac6ee4-134d-e411-af7d-001f29e68cce,Abn Amro Bank N.V,Abn Amro Bank N.V,null,null,null,null,null,null,Abn Amro Bank N.V,Abn Amro Bank N.V,Abn Amro Bank N.V,Abn Amro Bank N.V,Abn Amro Bank N.V,Abn Amro Bank N.V,null,null,null,null,null,null,16039,16039,Daalsesingel 71,Daalsesingel 71,3511 ,3511 ,null,null,null,null,SW Utrecht,SW Utrecht,null,null,NETHERLANDS,NETHERLANDS,null,null,Test Case is passed
76049,112615,112615,Joint Assured,Joint Assured,191293,191293,F1A6E552-FF3A-41A3-9B98-465030B91C09,f1a6e552-ff3a-41a3-9b98-465030b91c09,MTAParty,MTAParty,null,null,null,null,null,null,null,null,MTAParty,MTAParty,MTAParty,MTAParty,day0@party.com,day0@party.com,900000001,900000001,8000000001,8000000001,113030,113030,Day0AddressName,Day0AddressName,Day0Line1,Day0Line1,Day0Line2,Day0Line2,Day0Line3,Day0Line3,Day0City,Day0City,Day0State,Day0State,INDIA,INDIA,100000,100000,Test Case is passed
76048,112615,112615,Joint Assured,Joint Assured,191292,191292,F1A6E552-FF3A-41A3-9B98-465030B91C09,f1a6e552-ff3a-41a3-9b98-465030b91c09,MTAParty,MTAParty,null,null,null,null,null,null,null,null,MTAParty,MTAParty,MTAParty,MTAParty,day0@party.com,day0@party.com,900000001,900000001,8000000001,8000000001,113030,113030,Day0AddressName,Day0AddressName,Day0Line1,Day0Line1,Day0Line2,Day0Line2,Day0Line3,Day0Line3,Day0City,Day0City,Day0State,Day0State,INDIA,INDIA,100000,100000,Test Case is passed
76046,112589,112589,Crew Manager,Crew Manager,191291,191291,FED3845B-9D23-431A-AF37-60183C407483,fed3845b-9d23-431a-af37-60183c407483,Suraj new Party_26082020,Suraj new Party_26082020,null,null,null,null,null,null,null,null,Suraj new Party_26082020,Suraj new Party_26082020,Suraj new Party_26082020,Suraj new Party_26082020,test@test.com,test@test.com,98789798789,98789798789,null,null,113004,113004,SurajPartyAddrName,SurajPartyAddrName,Line 1,Line 1,Line 2,Line 2,Line 3,Line 3,MyCity,MyCity,Mah,Mah,INDIA,INDIA,7676756,7676756,Test Case is passed
76045,112589,112589,Crew Manager,Crew Manager,191290,191290,FED3845B-9D23-431A-AF37-60183C407483,fed3845b-9d23-431a-af37-60183c407483,Suraj new Party_26082020,Suraj new Party_26082020,null,null,null,null,null,null,null,null,Suraj new Party_26082020,Suraj new Party_26082020,Suraj new Party_26082020,Suraj new Party_26082020,test@test.com,test@test.com,98789798789,98789798789,null,null,113004,113004,SurajPartyAddrName,SurajPartyAddrName,Line 1,Line 1,Line 2,Line 2,Line 3,Line 3,MyCity,MyCity,Mah,Mah,INDIA,INDIA,7676756,7676756,Test Case is passed
76035,112600,112600,Joint Assured,Joint Assured,191289,191289,2EAD981A-9CEC-46E1-A204-D6088B46D12F,2ead981a-9cec-46e1-a204-d6088b46d12f,MyParty,MyParty,null,null,null,null,null,null,null,null,MyParty,MyParty,MyParty,MyParty,MyParty@MyParty.com,MyParty@MyParty.com,2342342341,2342342341,1231231221,1231231221,113015,113015,MyParty_AddressName,MyParty_AddressName,MyParty_Line1,MyParty_Line1,MyParty_Line2,MyParty_Line2,MyParty_Line3,MyParty_Line3,MyParty_City,MyParty_City,MyParty_State,MyParty_State,INDIA,INDIA,123123,123123,Test Case is passed
76034,112600,112600,Joint Assured,Joint Assured,191288,191288,2EAD981A-9CEC-46E1-A204-D6088B46D12F,2ead981a-9cec-46e1-a204-d6088b46d12f,MyParty,MyParty,null,null,null,null,null,null,null,null,MyParty,MyParty,MyParty,MyParty,MyParty@MyParty.com,MyParty@MyParty.com,2342342341,2342342341,1231231221,1231231221,113015,113015,MyParty_AddressName,MyParty_AddressName,MyParty_Line1,MyParty_Line1,MyParty_Line2,MyParty_Line2,MyParty_Line3,MyParty_Line3,MyParty_City,MyParty_City,MyParty_State,MyParty_State,INDIA,INDIA,123123,123123,Test Case is passed
76031,112600,112600,Mortgagee,Mortgagee,191287,191287,2EAD981A-9CEC-46E1-A204-D6088B46D12F,2ead981a-9cec-46e1-a204-d6088b46d12f,MyParty,MyParty,null,null,null,null,null,null,null,null,MyParty,MyParty,MyParty,MyParty,MyParty@MyParty.com,MyParty@MyParty.com,2342342341,2342342341,1231231221,1231231221,113015,113015,MyParty_AddressName,MyParty_AddressName,MyParty_Line1,MyParty_Line1,MyParty_Line2,MyParty_Line2,MyParty_Line3,MyParty_Line3,MyParty_City,MyParty_City,MyParty_State,MyParty_State,INDIA,INDIA,123123,123123,Test Case is passed
76030,112600,112600,Mortgagee,Mortgagee,191286,191286,2EAD981A-9CEC-46E1-A204-D6088B46D12F,2ead981a-9cec-46e1-a204-d6088b46d12f,MyParty,MyParty,null,null,null,null,null,null,null,null,MyParty,MyParty,MyParty,MyParty,MyParty@MyParty.com,MyParty@MyParty.com,2342342341,2342342341,1231231221,1231231221,113015,113015,MyParty_AddressName,MyParty_AddressName,MyParty_Line1,MyParty_Line1,MyParty_Line2,MyParty_Line2,MyParty_Line3,MyParty_Line3,MyParty_City,MyParty_City,MyParty_State,MyParty_State,INDIA,INDIA,123123,123123,Test Case is passed
76029,112610,112610,Joint Assured,Joint Assured,191285,191285,E841A120-C261-49B3-BF43-E128CA8601D9,e841a120-c261-49b3-bf43-e128ca8601d9,null,null,Mrs.,Mrs.,Updated,Updated,null,null,P5 JA_Party3,P5 JA_Party3,Updated P5 JA_Party3,Mrs. Updated P5 JA_Party3,Updated P5 JA_Party3,Updated P5 JA_Party3,null,null,null,null,null,null,113025,113025,P5 JA_Party3 AddName,P5 JA_Party3 AddName,P5 JA_Party3 L1,P5 JA_Party3 L1,P5 JA_Party3 L2,P5 JA_Party3 L2,null,null,Scunthorpe,Scunthorpe,null,null,UNITED KINGDOM,UNITED KINGDOM,SC1 1SC,SC1 1SC,Test Case is passed
76029,112609,112609,Joint Assured,Joint Assured,191284,191284,295CEC75-7524-4EDD-8D9E-5177392F21FE,295cec75-7524-4edd-8d9e-5177392f21fe,null,null,Captain,Captain,P4,P4,null,null,JA_Party2,JA_Party2,P4 JA_Party2,Captain P4 JA_Party2,P4 JA_Party2,P4 JA_Party2,null,null,null,null,null,null,113024,113024,JA_Party2 AddName,JA_Party2 AddName,JA_Party2 L1,JA_Party2 L1,JA_Party2 L2,JA_Party2 L2,null,null,Barnsley,Barnsley,South Yorkshire,South Yorkshire,UNITED KINGDOM,UNITED KINGDOM,S20 1sh,S20 1sh,Test Case is passed
76029,112611,112611,Joint Assured,Joint Assured,191283,191283,83D4E659-DC40-472A-B12E-229D42C01A72,83d4e659-dc40-472a-b12e-229d42c01a72,null,null,Dr.,Dr.,P6,P6,null,null,JA_Party4,JA_Party4,P6 JA_Party4,Dr. P6 JA_Party4,P6 JA_Party4,P6 JA_Party4,null,null,null,null,null,null,113026,113026,JA_Party4 AddName,JA_Party4 AddName,JA_Party4 L1,JA_Party4 L1,JA_Party4 L2,JA_Party4 L2,null,null,Doncaster,Doncaster,null,null,UNITED KINGDOM,UNITED KINGDOM,DN1 1ND,DN1 1ND,Test Case is passed
76029,112608,112608,Joint Assured,Joint Assured,191282,191282,39DAB1D8-BB19-4864-B572-E72B5D02DBB5,39dab1d8-bb19-4864-b572-e72b5d02dbb5,P3 JA_Party1,P3 JA_Party1,null,null,null,null,null,null,null,null,P3 JA_Party1,P3 JA_Party1,P3 JA_Party1,P3 JA_Party1,o@k.com,o@k.com,+4477558899,+4477558899,+44995544225,+44995544225,113023,113023,P3 JA_Party1 AddName,P3 JA_Party1 AddName,P3 JA_Party1 L1,P3 JA_Party1 L1,P3 JA_Party1 L2,P3 JA_Party1 L2,null,null,Halifax,Halifax,West Yorkshire,West Yorkshire,UNITED KINGDOM,UNITED KINGDOM,LE1 1LE,LE1 1LE,Test Case is passed
76029,112607,112607,InterestedParty,InterestedParty,191281,191281,7B16C878-9C42-4DE2-8FA3-26A4F01606FD,7b16c878-9c42-4de2-8fa3-26a4f01606fd,null,null,Mr.,Mr.,P2,P2,null,null,IntParty2,IntParty2,P2 IntParty2,Mr. P2 IntParty2,P2 IntParty2,P2 IntParty2,up@there.com,up@there.com,+445588669,+445588669,+445511225,+445511225,113022,113022,IntParty2 AddName,IntParty2 AddName,IntParty2 L1,IntParty2 L1,IntParty2 L2,IntParty2 L2,IntParty2 L3,IntParty2 L3,Whitby,Whitby,East Riding,East Riding,UNITED KINGDOM,UNITED KINGDOM,YO4 4WH,YO4 4WH,Test Case is passed
76029,112606,112606,InterestedParty,InterestedParty,191280,191280,EA4B4CCD-5384-401C-8AE1-43B24C08F7F5,ea4b4ccd-5384-401c-8ae1-43b24c08f7f5,P1 IntParty1,P1 IntParty1,null,null,null,null,null,null,null,null,P1 IntParty1,P1 IntParty1,P1 IntParty1,P1 IntParty1,null,null,null,null,null,null,113021,113021,P1 IntParty1 AddName,P1 IntParty1 AddName,P1 IntParty1L1,P1 IntParty1L1,P1 IntParty1L2,P1 IntParty1L2,null,null,Harrogate,Harrogate,null,null,UNITED KINGDOM,UNITED KINGDOM,YO3 3HA,YO3 3HA,Test Case is passed
76028,112611,112611,Joint Assured,Joint Assured,191279,191279,83D4E659-DC40-472A-B12E-229D42C01A72,83d4e659-dc40-472a-b12e-229d42c01a72,null,null,Dr.,Dr.,P6,P6,null,null,JA_Party4,JA_Party4,P6 JA_Party4,Dr. P6 JA_Party4,P6 JA_Party4,P6 JA_Party4,null,null,null,null,null,null,113026,113026,JA_Party4 AddName,JA_Party4 AddName,JA_Party4 L1,JA_Party4 L1,JA_Party4 L2,JA_Party4 L2,null,null,Doncaster,Doncaster,null,null,UNITED KINGDOM,UNITED KINGDOM,DN1 1ND,DN1 1ND,Test Case is passed
76028,112610,112610,Joint Assured,Joint Assured,191278,191278,E841A120-C261-49B3-BF43-E128CA8601D9,e841a120-c261-49b3-bf43-e128ca8601d9,null,P5 JA_Party3,Mrs.,null,Updated,null,null,null,P5 JA_Party3,null,Updated P5 JA_Party3,P5 JA_Party3,Updated P5 JA_Party3,P5 JA_Party3,null,null,null,null,null,null,113025,113025,P5 JA_Party3 AddName,P5 JA_Party3 AddName,P5 JA_Party3 L1,P5 JA_Party3 L1,P5 JA_Party3 L2,P5 JA_Party3 L2,null,null,Scunthorpe,Scunthorpe,null,null,UNITED KINGDOM,UNITED KINGDOM,SC1 1SC,SC1 1SC,Test Case is failed
76028,112609,112609,Joint Assured,Joint Assured,191277,191277,295CEC75-7524-4EDD-8D9E-5177392F21FE,295cec75-7524-4edd-8d9e-5177392f21fe,null,null,Captain,Captain,P4,P4,null,null,JA_Party2,JA_Party2,P4 JA_Party2,Captain P4 JA_Party2,P4 JA_Party2,P4 JA_Party2,null,null,null,null,null,null,113024,113024,JA_Party2 AddName,JA_Party2 AddName,JA_Party2 L1,JA_Party2 L1,JA_Party2 L2,JA_Party2 L2,null,null,Barnsley,Barnsley,South Yorkshire,South Yorkshire,UNITED KINGDOM,UNITED KINGDOM,S20 1sh,S20 1sh,Test Case is passed
76028,112608,112608,Joint Assured,Joint Assured,191276,191276,39DAB1D8-BB19-4864-B572-E72B5D02DBB5,39dab1d8-bb19-4864-b572-e72b5d02dbb5,P3 JA_Party1,P3 JA_Party1,null,null,null,null,null,null,null,null,P3 JA_Party1,P3 JA_Party1,P3 JA_Party1,P3 JA_Party1,o@k.com,o@k.com,+4477558899,+4477558899,+44995544225,+44995544225,113023,113023,P3 JA_Party1 AddName,P3 JA_Party1 AddName,P3 JA_Party1 L1,P3 JA_Party1 L1,P3 JA_Party1 L2,P3 JA_Party1 L2,null,null,Halifax,Halifax,West Yorkshire,West Yorkshire,UNITED KINGDOM,UNITED KINGDOM,LE1 1LE,LE1 1LE,Test Case is passed
76028,112607,112607,InterestedParty,InterestedParty,191275,191275,7B16C878-9C42-4DE2-8FA3-26A4F01606FD,7b16c878-9c42-4de2-8fa3-26a4f01606fd,null,null,Mr.,Mr.,P2,P2,null,null,IntParty2,IntParty2,P2 IntParty2,Mr. P2 IntParty2,P2 IntParty2,P2 IntParty2,up@there.com,up@there.com,+445588669,+445588669,+445511225,+445511225,113022,113022,IntParty2 AddName,IntParty2 AddName,IntParty2 L1,IntParty2 L1,IntParty2 L2,IntParty2 L2,IntParty2 L3,IntParty2 L3,Whitby,Whitby,East Riding,East Riding,UNITED KINGDOM,UNITED KINGDOM,YO4 4WH,YO4 4WH,Test Case is passed
76028,112606,112606,InterestedParty,InterestedParty,191274,191274,EA4B4CCD-5384-401C-8AE1-43B24C08F7F5,ea4b4ccd-5384-401c-8ae1-43b24c08f7f5,P1 IntParty1,P1 IntParty1,null,null,null,null,null,null,null,null,P1 IntParty1,P1 IntParty1,P1 IntParty1,P1 IntParty1,null,null,null,null,null,null,113021,113021,P1 IntParty1 AddName,P1 IntParty1 AddName,P1 IntParty1L1,P1 IntParty1L1,P1 IntParty1L2,P1 IntParty1L2,null,null,Harrogate,Harrogate,null,null,UNITED KINGDOM,UNITED KINGDOM,YO3 3HA,YO3 3HA,Test Case is passed
76027,112600,112600,Joint Assured,Joint Assured,191273,191273,2EAD981A-9CEC-46E1-A204-D6088B46D12F,2ead981a-9cec-46e1-a204-d6088b46d12f,MyParty,MyParty,null,null,null,null,null,null,null,null,MyParty,MyParty,MyParty,MyParty,MyParty@MyParty.com,MyParty@MyParty.com,2342342341,2342342341,1231231221,1231231221,113015,113015,MyParty_AddressName,MyParty_AddressName,MyParty_Line1,MyParty_Line1,MyParty_Line2,MyParty_Line2,MyParty_Line3,MyParty_Line3,MyParty_City,MyParty_City,MyParty_State,MyParty_State,INDIA,INDIA,123123,123123,Test Case is passed
76026,112600,112600,Joint Assured,Joint Assured,191272,191272,2EAD981A-9CEC-46E1-A204-D6088B46D12F,2ead981a-9cec-46e1-a204-d6088b46d12f,MyParty,MyParty,null,null,null,null,null,null,null,null,MyParty,MyParty,MyParty,MyParty,MyParty@MyParty.com,MyParty@MyParty.com,2342342341,2342342341,1231231221,1231231221,113015,113015,MyParty_AddressName,MyParty_AddressName,MyParty_Line1,MyParty_Line1,MyParty_Line2,MyParty_Line2,MyParty_Line3,MyParty_Line3,MyParty_City,MyParty_City,MyParty_State,MyParty_State,INDIA,INDIA,123123,123123,Test Case is passed
76024,112589,112589,Joint Assured,Joint Assured,191270,191270,FED3845B-9D23-431A-AF37-60183C407483,fed3845b-9d23-431a-af37-60183c407483,Suraj new Party_26082020,Suraj new Party_26082020,null,null,null,null,null,null,null,null,Suraj new Party_26082020,Suraj new Party_26082020,Suraj new Party_26082020,Suraj new Party_26082020,test@test.com,test@test.com,98789798789,98789798789,null,,113004,113004,SurajPartyAddrName,SurajPartyAddrName,Line 1,Line 1,Line 2,Line 2,Line 3,Line 3,MyCity,MyCity,Mah,Mah,INDIA,INDIA,7676756,7676756,Test Case is failed
76023,112589,112589,Joint Assured,Joint Assured,191269,191269,FED3845B-9D23-431A-AF37-60183C407483,fed3845b-9d23-431a-af37-60183c407483,Suraj new Party_26082020,Suraj new Party_26082020,null,null,null,null,null,null,null,null,Suraj new Party_26082020,Suraj new Party_26082020,Suraj new Party_26082020,Suraj new Party_26082020,test@test.com,test@test.com,98789798789,98789798789,null,,113004,113004,SurajPartyAddrName,SurajPartyAddrName,Line 1,Line 1,Line 2,Line 2,Line 3,Line 3,MyCity,MyCity,Mah,Mah,INDIA,INDIA,7676756,7676756,Test Case is failed
76022,112589,112589,Joint Assured,Joint Assured,191268,191268,FED3845B-9D23-431A-AF37-60183C407483,fed3845b-9d23-431a-af37-60183c407483,Suraj new Party_26082020,Suraj new Party_26082020,null,null,null,null,null,null,null,null,Suraj new Party_26082020,Suraj new Party_26082020,Suraj new Party_26082020,Suraj new Party_26082020,test@test.com,test@test.com,98789798789,98789798789,null,,113004,113004,SurajPartyAddrName,SurajPartyAddrName,Line 1,Line 1,Line 2,Line 2,Line 3,Line 3,MyCity,MyCity,Mah,Mah,INDIA,INDIA,7676756,7676756,Test Case is failed
76017,112600,112600,Joint Assured,Joint Assured,191267,191267,2EAD981A-9CEC-46E1-A204-D6088B46D12F,2ead981a-9cec-46e1-a204-d6088b46d12f,MyParty,MyParty,null,null,null,null,null,null,null,null,MyParty,MyParty,MyParty,MyParty,MyParty@MyParty.com,MyParty@MyParty.com,2342342341,2342342341,1231231221,1231231221,113015,113015,MyParty_AddressName,MyParty_AddressName,MyParty_Line1,MyParty_Line1,MyParty_Line2,MyParty_Line2,MyParty_Line3,MyParty_Line3,MyParty_City,MyParty_City,MyParty_State,MyParty_State,INDIA,INDIA,123123,123123,Test Case is passed
76016,112600,112600,Joint Assured,Joint Assured,191266,191266,2EAD981A-9CEC-46E1-A204-D6088B46D12F,2ead981a-9cec-46e1-a204-d6088b46d12f,MyParty,MyParty,null,null,null,null,null,null,null,null,MyParty,MyParty,MyParty,MyParty,MyParty@MyParty.com,MyParty@MyParty.com,2342342341,2342342341,1231231221,1231231221,113015,113015,MyParty_AddressName,MyParty_AddressName,MyParty_Line1,MyParty_Line1,MyParty_Line2,MyParty_Line2,MyParty_Line3,MyParty_Line3,MyParty_City,MyParty_City,MyParty_State,MyParty_State,INDIA,INDIA,123123,123123,Test Case is passed
76009,112601,112601,Crew Manager,Crew Manager,191265,191265,1CC5F794-D7F3-4A5A-9E5A-A04BA7782673,1cc5f794-d7f3-4a5a-9e5a-a04ba7782673,MyParty_28082020,MyParty_28082020,null,null,null,null,null,null,null,null,MyParty_28082020,MyParty_28082020,MyParty_28082020,MyParty_28082020,MyEmail@emaill.com,MyEmail@emaill.com,67576577889,67576577889,77987797,77987797,113016,113016,MyAddressName,MyAddressName,MyLine1,MyLine1,MyLine2,MyLine2,MyLine3,MyLine3,MyCity,MyCity,MyState,MyState,INDIA,INDIA,9898988,9898988,Test Case is passed
76008,112601,112601,Crew Manager,Crew Manager,191264,191264,1CC5F794-D7F3-4A5A-9E5A-A04BA7782673,1cc5f794-d7f3-4a5a-9e5a-a04ba7782673,MyParty_28082020,MyParty_28082020,null,null,null,null,null,null,null,null,MyParty_28082020,MyParty_28082020,MyParty_28082020,MyParty_28082020,MyEmail@emaill.com,MyEmail@emaill.com,67576577889,67576577889,77987797,77987797,113016,113016,MyAddressName,MyAddressName,MyLine1,MyLine1,MyLine2,MyLine2,MyLine3,MyLine3,MyCity,MyCity,MyState,MyState,INDIA,INDIA,9898988,9898988,Test Case is passed
76007,112600,112600,Mortgagee,Mortgagee,191263,191263,2EAD981A-9CEC-46E1-A204-D6088B46D12F,2ead981a-9cec-46e1-a204-d6088b46d12f,MyParty,MyParty,null,null,null,null,null,null,null,null,MyParty,MyParty,MyParty,MyParty,MyParty@MyParty.com,MyParty@MyParty.com,2342342341,2342342341,1231231221,1231231221,113015,113015,MyParty_AddressName,MyParty_AddressName,MyParty_Line1,MyParty_Line1,MyParty_Line2,MyParty_Line2,MyParty_Line3,MyParty_Line3,MyParty_City,MyParty_City,MyParty_State,MyParty_State,INDIA,INDIA,123123,123123,Test Case is passed
76006,112600,112600,Mortgagee,Mortgagee,191262,191262,2EAD981A-9CEC-46E1-A204-D6088B46D12F,2ead981a-9cec-46e1-a204-d6088b46d12f,MyParty,MyParty,null,null,null,null,null,null,null,null,MyParty,MyParty,MyParty,MyParty,MyParty@MyParty.com,MyParty@MyParty.com,2342342341,2342342341,1231231221,1231231221,113015,113015,MyParty_AddressName,MyParty_AddressName,MyParty_Line1,MyParty_Line1,MyParty_Line2,MyParty_Line2,MyParty_Line3,MyParty_Line3,MyParty_City,MyParty_City,MyParty_State,MyParty_State,INDIA,INDIA,123123,123123,Test Case is passed
76002,112589,112589,Joint Assured,Joint Assured,191261,191261,FED3845B-9D23-431A-AF37-60183C407483,fed3845b-9d23-431a-af37-60183c407483,Suraj new Party_26082020,Suraj new Party_26082020,null,null,null,null,null,null,null,null,Suraj new Party_26082020,Suraj new Party_26082020,Suraj new Party_26082020,Suraj new Party_26082020,test@test.com,test@test.com,98789798789,98789798789,null,,113004,113004,SurajPartyAddrName,SurajPartyAddrName,Line 1,Line 1,Line 2,Line 2,Line 3,Line 3,MyCity,MyCity,Mah,Mah,INDIA,INDIA,7676756,7676756,Test Case is failed
76001,112589,112589,Joint Assured,Joint Assured,191260,191260,FED3845B-9D23-431A-AF37-60183C407483,fed3845b-9d23-431a-af37-60183c407483,Suraj new Party_26082020,Suraj new Party_26082020,null,null,null,null,null,null,null,null,Suraj new Party_26082020,Suraj new Party_26082020,Suraj new Party_26082020,Suraj new Party_26082020,test@test.com,test@test.com,98789798789,98789798789,null,,113004,113004,SurajPartyAddrName,SurajPartyAddrName,Line 1,Line 1,Line 2,Line 2,Line 3,Line 3,MyCity,MyCity,Mah,Mah,INDIA,INDIA,7676756,7676756,Test Case is failed
75999,112589,112589,Joint Assured,Joint Assured,191259,191259,FED3845B-9D23-431A-AF37-60183C407483,fed3845b-9d23-431a-af37-60183c407483,Suraj new Party_26082020,Suraj new Party_26082020,null,null,null,null,null,null,null,null,Suraj new Party_26082020,Suraj new Party_26082020,Suraj new Party_26082020,Suraj new Party_26082020,test@test.com,test@test.com,98789798789,98789798789,null,,113004,113004,SurajPartyAddrName,SurajPartyAddrName,Line 1,Line 1,Line 2,Line 2,Line 3,Line 3,MyCity,MyCity,Mah,Mah,INDIA,INDIA,7676756,7676756,Test Case is failed
75998,112589,112589,Joint Assured,Joint Assured,191258,191258,FED3845B-9D23-431A-AF37-60183C407483,fed3845b-9d23-431a-af37-60183c407483,Suraj new Party_26082020,Suraj new Party_26082020,null,null,null,null,null,null,null,null,Suraj new Party_26082020,Suraj new Party_26082020,Suraj new Party_26082020,Suraj new Party_26082020,test@test.com,test@test.com,98789798789,98789798789,null,,113004,113004,SurajPartyAddrName,SurajPartyAddrName,Line 1,Line 1,Line 2,Line 2,Line 3,Line 3,MyCity,MyCity,Mah,Mah,INDIA,INDIA,7676756,7676756,Test Case is failed
75996,112589,112589,Joint Assured,Joint Assured,191257,191257,FED3845B-9D23-431A-AF37-60183C407483,fed3845b-9d23-431a-af37-60183c407483,Suraj new Party_26082020,Suraj new Party_26082020,null,null,null,null,null,null,null,null,Suraj new Party_26082020,Suraj new Party_26082020,Suraj new Party_26082020,Suraj new Party_26082020,test@test.com,test@test.com,98789798789,98789798789,null,,113004,113004,SurajPartyAddrName,SurajPartyAddrName,Line 1,Line 1,Line 2,Line 2,Line 3,Line 3,MyCity,MyCity,Mah,Mah,INDIA,INDIA,7676756,7676756,Test Case is failed
75995,112589,112589,Joint Assured,Joint Assured,191256,191256,FED3845B-9D23-431A-AF37-60183C407483,fed3845b-9d23-431a-af37-60183c407483,Suraj new Party_26082020,Suraj new Party_26082020,null,null,null,null,null,null,null,null,Suraj new Party_26082020,Suraj new Party_26082020,Suraj new Party_26082020,Suraj new Party_26082020,test@test.com,test@test.com,98789798789,98789798789,null,,113004,113004,SurajPartyAddrName,SurajPartyAddrName,Line 1,Line 1,Line 2,Line 2,Line 3,Line 3,MyCity,MyCity,Mah,Mah,INDIA,INDIA,7676756,7676756,Test Case is failed
75993,112597,112597,Mortgagee,Mortgagee,191255,191255,1428BF9A-F521-4850-8A38-3C76775E1ECE,1428bf9a-f521-4850-8a38-3c76775e1ece,Party26Aug Party2,Party26Aug Party2,null,null,null,null,null,null,null,null,Party26Aug Party2,Party26Aug Party2,Party26Aug Party2,Party26Aug Party2,null,null,null,null,null,null,113012,113012,Party26Aug Party2 AddName,Party26Aug Party2 AddName,Party26Aug Party2 L1,Party26Aug Party2 L1,Party26Aug Party2L2,Party26Aug Party2L2,null,null,York,York,North Yorkshire,North Yorkshire,UNITED KINGDOM,UNITED KINGDOM,Y1 1AY,Y1 1AY,Test Case is passed
75993,112596,112596,Joint Assured,Joint Assured,191254,191254,FDE66DEF-E697-471E-91C1-CC16ED8D36AF,fde66def-e697-471e-91c1-cc16ed8d36af,Party26Aug Party1,Party26Aug Party1,null,null,null,null,null,null,null,null,Party26Aug Party1,Party26Aug Party1,Party26Aug Party1,Party26Aug Party1,null,null,null,null,null,null,113011,113011,Party26Aug Party1 AddName,Party26Aug Party1 AddName,Party26Aug Party1L1,Party26Aug Party1L1,Party26Aug Party1L2,Party26Aug Party1L2,Party26Aug Party1L3,Party26Aug Party1L3,Aberdeen,Aberdeen,Aberdeenshire,Aberdeenshire,UNITED KINGDOM,UNITED KINGDOM,Ab1 1AB,Ab1 1AB,Test Case is passed
75992,112597,112597,Mortgagee,Mortgagee,191253,191253,1428BF9A-F521-4850-8A38-3C76775E1ECE,1428bf9a-f521-4850-8a38-3c76775e1ece,Party26Aug Party2,Party26Aug Party2,null,null,null,null,null,null,null,null,Party26Aug Party2,Party26Aug Party2,Party26Aug Party2,Party26Aug Party2,null,null,null,null,null,null,113012,113012,Party26Aug Party2 AddName,Party26Aug Party2 AddName,Party26Aug Party2 L1,Party26Aug Party2 L1,Party26Aug Party2L2,Party26Aug Party2L2,null,null,York,York,North Yorkshire,North Yorkshire,UNITED KINGDOM,UNITED KINGDOM,Y1 1AY,Y1 1AY,Test Case is passed
75992,112596,112596,Joint Assured,Joint Assured,191252,191252,FDE66DEF-E697-471E-91C1-CC16ED8D36AF,fde66def-e697-471e-91c1-cc16ed8d36af,Party26Aug Party1,Party26Aug Party1,null,null,null,null,null,null,null,null,Party26Aug Party1,Party26Aug Party1,Party26Aug Party1,Party26Aug Party1,null,null,null,null,null,null,113011,113011,Party26Aug Party1 AddName,Party26Aug Party1 AddName,Party26Aug Party1L1,Party26Aug Party1L1,Party26Aug Party1L2,Party26Aug Party1L2,Party26Aug Party1L3,Party26Aug Party1L3,Aberdeen,Aberdeen,Aberdeenshire,Aberdeenshire,UNITED KINGDOM,UNITED KINGDOM,Ab1 1AB,Ab1 1AB,Test Case is passed
75987,112589,112589,Crew Manager,Crew Manager,191251,191251,FED3845B-9D23-431A-AF37-60183C407483,fed3845b-9d23-431a-af37-60183c407483,Suraj new Party_26082020,Suraj new Party_26082020,null,null,null,null,null,null,null,null,Suraj new Party_26082020,Suraj new Party_26082020,Suraj new Party_26082020,Suraj new Party_26082020,test@test.com,test@test.com,98789798789,98789798789,null,,113004,113004,SurajPartyAddrName,SurajPartyAddrName,Line 1,Line 1,Line 2,Line 2,Line 3,Line 3,MyCity,MyCity,Mah,Mah,INDIA,INDIA,7676756,7676756,Test Case is failed
75986,112589,112589,InterestedParty,InterestedParty,191250,191250,FED3845B-9D23-431A-AF37-60183C407483,fed3845b-9d23-431a-af37-60183c407483,Suraj new Party_26082020,Suraj new Party,null,null,null,null,null,null,null,null,Suraj new Party_26082020,Suraj new Party,Suraj new Party_26082020,Suraj new Party,test@test.com,null,98789798789,null,null,null,113004,113004,SurajPartyAddrName,SurajPartyAddrName,Line 1,Line 1,Line 2,Line 2,Line 3,Line 3,MyCity,MyCity,Mah,Mah,INDIA,INDIA,7676756,7676756,Test Case is failed
75985,112589,112589,Crew Manager,Crew Manager,191249,191249,FED3845B-9D23-431A-AF37-60183C407483,fed3845b-9d23-431a-af37-60183c407483,Suraj new Party_26082020,Suraj new Party,null,null,null,null,null,null,null,null,Suraj new Party_26082020,Suraj new Party,Suraj new Party_26082020,Suraj new Party,test@test.com,null,98789798789,null,null,null,113004,113004,SurajPartyAddrName,SurajPartyAddrName,Line 1,Line 1,Line 2,Line 2,Line 3,Line 3,MyCity,MyCity,Mah,Mah,INDIA,INDIA,7676756,7676756,Test Case is failed
75984,112592,112592,Joint Assured,Joint Assured,191248,191248,77802CA7-0BD0-4095-A48F-585DBE947FCD,77802ca7-0bd0-4095-a48f-585dbe947fcd,TestParty,TestParty,null,null,null,null,null,null,null,null,TestParty,TestParty,TestParty,TestParty,Party@Party.com,Party@Party.com,4567890876,4567890876,,,113007,113007,PartyAddressName,PartyAddressName,PartyLine1,PartyLine1,PartyLine2,PartyLine2,PartyLine3,PartyLine3,PartyCity,PartyCity,PartyState,PartyState,INDIA,INDIA,3212312,3212312,Test Case is passed
75982,112589,112589,Joint Assured,Joint Assured,191246,191246,FED3845B-9D23-431A-AF37-60183C407483,fed3845b-9d23-431a-af37-60183c407483,Suraj new Party_26082020,Suraj new Party,null,null,null,null,null,null,null,null,Suraj new Party_26082020,Suraj new Party,Suraj new Party_26082020,Suraj new Party,test@test.com,null,98789798789,null,null,null,113004,113004,SurajPartyAddrName,SurajPartyAddrName,Line 1,Line 1,Line 2,Line 2,Line 3,Line 3,MyCity,MyCity,Mah,Mah,INDIA,INDIA,7676756,7676756,Test Case is failed
75981,112588,112588,InterestedParty,InterestedParty,191245,191245,91F58FCC-7621-42CD-AB14-2F5EDCBC66D2,91f58fcc-7621-42cd-ab14-2f5edcbc66d2,UpdatedMember_27082020,UpdatedMember_27082020,null,null,null,null,null,null,null,null,UpdatedMember_27082020,UpdatedMember_27082020,UpdatedMember_27082020,UpdatedMember_27082020,mem@mem.mem,mem@mem.mem,452-125,452-125,333-444,333-444,113003,113003,Automation New Member,Automation New Member,ADR Line 1,ADR Line 1,ADR Line 2,ADR Line 2,null,null,London,London,null,null,UNITED KINGDOM,UNITED KINGDOM,34A PD,34A PD,Test Case is passed
75980,112589,112589,Crew Manager,Crew Manager,191244,191244,FED3845B-9D23-431A-AF37-60183C407483,fed3845b-9d23-431a-af37-60183c407483,Suraj new Party_26082020,Suraj new Party_26082020,null,null,null,null,null,null,null,null,Suraj new Party_26082020,Suraj new Party_26082020,Suraj new Party_26082020,Suraj new Party_26082020,test@test.com,test@test.com,98789798789,98789798789,null,,113004,113004,SurajPartyAddrName,SurajPartyAddrName,Line 1,Line 1,Line 2,Line 2,Line 3,Line 3,MyCity,MyCity,Mah,Mah,INDIA,INDIA,7676756,7676756,Test Case is failed
75979,112589,112589,Crew Manager,Crew Manager,191243,191243,FED3845B-9D23-431A-AF37-60183C407483,fed3845b-9d23-431a-af37-60183c407483,Suraj new Party_26082020,SurajParty,null,null,null,null,null,null,null,null,Suraj new Party_26082020,SurajParty,Suraj new Party_26082020,SurajParty,test@test.com,null,98789798789,null,null,null,113004,113004,SurajPartyAddrName,SurajPartyAddrName,Line 1,Line 1,Line 2,Line 2,Line 3,Line 3,MyCity,MyCity,Mah,Mah,INDIA,INDIA,7676756,7676756,Test Case is failed
75978,112589,112589,Joint Assured,Joint Assured,191242,191242,FED3845B-9D23-431A-AF37-60183C407483,fed3845b-9d23-431a-af37-60183c407483,Suraj new Party_26082020,SurajParty,null,null,null,null,null,null,null,null,Suraj new Party_26082020,SurajParty,Suraj new Party_26082020,SurajParty,test@test.com,null,98789798789,null,null,null,113004,113004,SurajPartyAddrName,SurajPartyAddrName,Line 1,Line 1,Line 2,Line 2,Line 3,Line 3,MyCity,MyCity,Mah,Mah,INDIA,INDIA,7676756,7676756,Test Case is failed
75977,112588,112588,InterestedParty,InterestedParty,191241,191241,91F58FCC-7621-42CD-AB14-2F5EDCBC66D2,91f58fcc-7621-42cd-ab14-2f5edcbc66d2,UpdatedMember_27082020,AutoMember_053725_190820,null,null,null,null,null,null,null,null,UpdatedMember_27082020,AutoMember_053725_190820,UpdatedMember_27082020,AutoMember_053725_190820,mem@mem.mem,mem@mem.mem,452-125,452-125,333-444,333-444,113003,113003,Automation New Member,Automation New Member,ADR Line 1,ADR Line 1,ADR Line 2,ADR Line 2,null,null,London,London,null,null,UNITED KINGDOM,UNITED KINGDOM,34A PD,34A PD,Test Case is failed
75976,82699,82699,Joint Assured,Joint Assured,191239,191239,6A878CA6-C837-E711-B767-005056B03908,6a878ca6-c837-e711-b767-005056b03908,Tom test crew manager,Tom test crew manager,null,null,null,null,null,null,null,null,Tom test crew manager,Tom test crew manager,Tom test crew manager,Tom test crew manager,null,null,null,null,null,null,23905,23905,null,null,null,null,null,null,null,null,null,null,null,null,null,null,null,null,Test Case is passed
75975,82699,82699,Joint Assured,Joint Assured,191238,191238,6A878CA6-C837-E711-B767-005056B03908,6a878ca6-c837-e711-b767-005056b03908,Tom test crew manager,Tom test crew manager,null,null,null,null,null,null,null,null,Tom test crew manager,Tom test crew manager,Tom test crew manager,Tom test crew manager,null,null,null,null,null,null,23905,23905,null,null,null,null,null,null,null,null,null,null,null,null,null,null,null,null,Test Case is passed
75974,82697,82697,Joint Assured,Joint Assured,191237,191237,503E7D67-C737-E711-B767-005056B03908,503e7d67-c737-e711-b767-005056b03908,TOM TEST YACHT PILOT,TOM TEST YACHT PILOT,null,null,null,null,null,null,null,null,TOM TEST YACHT PILOT,TOM TEST YACHT PILOT,TOM TEST YACHT PILOT,TOM TEST YACHT PILOT,janie.welsh@shipownersclub.com,janie.welsh@shipownersclub.com,null,null,null,null,23903,23903,Test Address Name,Test Address Name,null,null,null,null,null,null,Test City,Test City,null,null,ITALY,ITALY,null,null,Test Case is passed
75965,82700,82700,Crew Manager,Crew Manager,191235,191235,72B73BCB-C837-E711-B767-005056B03908,72b73bcb-c837-e711-b767-005056b03908,Tom test Mortgagee,Tom test Mortgagee,null,null,null,null,null,null,null,null,Tom test Mortgagee,Tom test Mortgagee,Tom test Mortgagee,Tom test Mortgagee,null,null,null,null,null,null,23906,23906,Test Bank,Test Bank,null,null,null,null,null,null,Test City,Test City,null,null,ITALY,ITALY,null,null,Test Case is passed
75964,96380,96380,Joint Assured,Joint Assured,191234,191234,F75040D2-C51A-E911-A988-0022480050C6,f75040d2-c51a-e911-a988-0022480050c6,PT PELAYARAN SINAR GRATIA NUSANTARA,PT PELAYARAN SINAR GRATIA NUSANTARA,null,null,null,null,null,null,null,null,PT PELAYARAN SINAR GRATIA NUSANTARA,PT PELAYARAN SINAR GRATIA NUSANTARA,PT PELAYARAN SINAR GRATIA NUSANTARA,PT PELAYARAN SINAR GRATIA NUSANTARA,null,null,null,null,null,null,96396,96396,null,null,null,null,null,null,null,null,null,null,null,null,null,null,null,null,Test Case is passed
75963,48777,48777,Joint Assured,Joint Assured,191233,191233,F684396B-DAA6-E411-B3AC-005056B03908,f684396b-daa6-e411-b3ac-005056b03908,Pt Pelayaran Teguh Persada Kencana,Pt Pelayaran Teguh Persada Kencana,null,null,null,null,null,null,null,null,Pt Pelayaran Teguh Persada Kencana,Pt Pelayaran Teguh Persada Kencana,Pt Pelayaran Teguh Persada Kencana,Pt Pelayaran Teguh Persada Kencana,null,null,null,null,null,null,23082,23082,Jl. Raja Ali Haji Komp.,Jl. Raja Ali Haji Komp.,Nagoya Point Blok JJ No. 4,Nagoya Point Blok JJ No. 4,Kota,Kota,null,null,Batam 29444,Batam 29444,null,null,INDONESIA,INDONESIA,null,null,Test Case is passed
75962,112580,112580,Crew Manager,Crew Manager,191240,191240,4D9D4CA2-4604-46E3-B33F-82926F0F66B3,4d9d4ca2-4604-46e3-b33f-82926f0f66b3,17AugRun2 Party 2,17AugRun2 Party 2,null,null,null,null,null,null,null,null,17AugRun2 Party 2,17AugRun2 Party 2,17AugRun2 Party 2,17AugRun2 Party 2,null,null,null,null,null,null,112995,112995,17AugRun2 Party 2 Add Name,17AugRun2 Party 2 Add Name,17AugRun2 Party 2 L1,17AugRun2 Party 2 L1,17AugRun2 Party 2 L2,17AugRun2 Party 2 L2,null,null,Leeds,Leeds,est Yorkshire,est Yorkshire,UNITED KINGDOM,UNITED KINGDOM,L1 1BB,L1 1BB,Test Case is passed
75962,112580,112580,Crew Manager,Crew Manager,191236,191236,4D9D4CA2-4604-46E3-B33F-82926F0F66B3,4d9d4ca2-4604-46e3-b33f-82926f0f66b3,17AugRun2 Party 2,17AugRun2 Party 2,null,null,null,null,null,null,null,null,17AugRun2 Party 2,17AugRun2 Party 2,17AugRun2 Party 2,17AugRun2 Party 2,null,null,null,null,null,null,112995,112995,17AugRun2 Party 2 Add Name,17AugRun2 Party 2 Add Name,17AugRun2 Party 2 L1,17AugRun2 Party 2 L1,17AugRun2 Party 2 L2,17AugRun2 Party 2 L2,null,null,Leeds,Leeds,est Yorkshire,est Yorkshire,UNITED KINGDOM,UNITED KINGDOM,L1 1BB,L1 1BB,Test Case is passed
75962,112583,112583,Protective Co-Assured,Protective Co-Assured,191232,191232,B71D9CE4-B249-4A8B-A51F-D2AFC5F6E9A9,b71d9ce4-b249-4a8b-a51f-d2afc5f6e9a9,17AugRun2 Party 5,17AugRun2 Party 5,null,null,null,null,null,null,null,null,17AugRun2 Party 5,17AugRun2 Party 5,17AugRun2 Party 5,17AugRun2 Party 5,null,null,null,null,null,null,112998,112998,17AugRun2 Party 5Add Name,17AugRun2 Party 5Add Name,17AugRun2 Party 5 L1,17AugRun2 Party 5 L1,17AugRun2 Party 5 L2,17AugRun2 Party 5 L2,null,null,BHAM,BHAM,null,null,UNITED KINGDOM,UNITED KINGDOM,B37 7HG,B37 7HG,Test Case is passed
75962,112582,112582,Mortgagee,Mortgagee,191231,191231,76924454-4C1C-41D1-9390-91CF2BA02079,76924454-4c1c-41d1-9390-91cf2ba02079,17AugRun2 Party 4,17AugRun2 Party 4,null,null,null,null,null,null,null,null,17AugRun2 Party 4,17AugRun2 Party 4,17AugRun2 Party 4,17AugRun2 Party 4,null,null,null,null,null,null,112997,112997,17AugRun2 Party 4 Add Name,17AugRun2 Party 4 Add Name,17AugRun2 Party 4 L1,17AugRun2 Party 4 L1,17AugRun2 Party 4 L2,17AugRun2 Party 4 L2,null,null,BHAM,BHAM,null,null,UNITED KINGDOM,UNITED KINGDOM,B37 7HG,B37 7HG,Test Case is passed
75962,112581,112581,Mortgagee,Mortgagee,191230,191230,C054C839-162A-4DC7-B67B-7C9824D0D1C6,c054c839-162a-4dc7-b67b-7c9824d0d1c6,17AugRun2 Party 3,17AugRun2 Party 3,null,null,null,null,null,null,null,null,17AugRun2 Party 3,17AugRun2 Party 3,17AugRun2 Party 3,17AugRun2 Party 3,null,null,null,null,null,null,112996,112996,17AugRun2 Party 3 Add Name,17AugRun2 Party 3 Add Name,17AugRun2 Party 3 L1,17AugRun2 Party 3 L1,17AugRun2 Party 3 L2,17AugRun2 Party 3 L2,null,null,Derby ,Derby ,Derbyshire,Derbyshire,UNITED KINGDOM,UNITED KINGDOM,D1 1DB,D1 1DB,Test Case is passed
75962,112580,112580,Crew Manager,Crew Manager,191229,191229,4D9D4CA2-4604-46E3-B33F-82926F0F66B3,4d9d4ca2-4604-46e3-b33f-82926f0f66b3,17AugRun2 Party 2,17AugRun2 Party 2,null,null,null,null,null,null,null,null,17AugRun2 Party 2,17AugRun2 Party 2,17AugRun2 Party 2,17AugRun2 Party 2,null,null,null,null,null,null,112995,112995,17AugRun2 Party 2 Add Name,17AugRun2 Party 2 Add Name,17AugRun2 Party 2 L1,17AugRun2 Party 2 L1,17AugRun2 Party 2 L2,17AugRun2 Party 2 L2,null,null,Leeds,Leeds,est Yorkshire,est Yorkshire,UNITED KINGDOM,UNITED KINGDOM,L1 1BB,L1 1BB,Test Case is passed
75962,112579,112579,Joint Assured,Joint Assured,191228,191228,49D16B80-F366-4083-A1C9-851525B422BA,49d16b80-f366-4083-a1c9-851525b422ba,17AugRun2 Party 1,17AugRun2 Party 1,null,null,null,null,null,null,null,null,17AugRun2 Party 1,17AugRun2 Party 1,17AugRun2 Party 1,17AugRun2 Party 1,you@there.com,you@there.com,+445511225,+445511225,+44558855221,+44558855221,112994,112994,17AugRun2 Party 1Add Name,17AugRun2 Party 1Add Name,17AugRun2 Party 1 L1,17AugRun2 Party 1 L1,17AugRun2 Party 1L2,17AugRun2 Party 1L2,17AugRun2 Party 1 L3,17AugRun2 Party 1 L3,Birmingham,Birmingham,Midlands,Midlands,UNITED KINGDOM,UNITED KINGDOM,B37 7HG,B37 7HG,Test Case is passed
75961,112582,112582,Mortgagee,Mortgagee,191227,191227,76924454-4C1C-41D1-9390-91CF2BA02079,76924454-4c1c-41d1-9390-91cf2ba02079,17AugRun2 Party 4,17AugRun2 Party 4,null,null,null,null,null,null,null,null,17AugRun2 Party 4,17AugRun2 Party 4,17AugRun2 Party 4,17AugRun2 Party 4,null,null,null,null,null,null,112997,112997,17AugRun2 Party 4 Add Name,17AugRun2 Party 4 Add Name,17AugRun2 Party 4 L1,17AugRun2 Party 4 L1,17AugRun2 Party 4 L2,17AugRun2 Party 4 L2,null,null,BHAM,BHAM,null,null,UNITED KINGDOM,UNITED KINGDOM,B37 7HG,B37 7HG,Test Case is passed
75961,112581,112581,InterestedParty,InterestedParty,191226,191226,C054C839-162A-4DC7-B67B-7C9824D0D1C6,c054c839-162a-4dc7-b67b-7c9824d0d1c6,17AugRun2 Party 3,17AugRun2 Party 3,null,null,null,null,null,null,null,null,17AugRun2 Party 3,17AugRun2 Party 3,17AugRun2 Party 3,17AugRun2 Party 3,null,null,null,null,null,null,112996,112996,17AugRun2 Party 3 Add Name,17AugRun2 Party 3 Add Name,17AugRun2 Party 3 L1,17AugRun2 Party 3 L1,17AugRun2 Party 3 L2,17AugRun2 Party 3 L2,null,null,Derby ,Derby ,Derbyshire,Derbyshire,UNITED KINGDOM,UNITED KINGDOM,D1 1DB,D1 1DB,Test Case is passed
75961,112580,112580,Crew Manager,Crew Manager,191225,191225,4D9D4CA2-4604-46E3-B33F-82926F0F66B3,4d9d4ca2-4604-46e3-b33f-82926f0f66b3,17AugRun2 Party 2,17AugRun2 Party 2,null,null,null,null,null,null,null,null,17AugRun2 Party 2,17AugRun2 Party 2,17AugRun2 Party 2,17AugRun2 Party 2,null,null,null,null,null,null,112995,112995,17AugRun2 Party 2 Add Name,17AugRun2 Party 2 Add Name,17AugRun2 Party 2 L1,17AugRun2 Party 2 L1,17AugRun2 Party 2 L2,17AugRun2 Party 2 L2,null,null,Leeds,Leeds,est Yorkshire,est Yorkshire,UNITED KINGDOM,UNITED KINGDOM,L1 1BB,L1 1BB,Test Case is passed
75961,112579,112579,Joint Assured,Joint Assured,191224,191224,49D16B80-F366-4083-A1C9-851525B422BA,49d16b80-f366-4083-a1c9-851525b422ba,17AugRun2 Party 1,17AugRun2 Party 1,null,null,null,null,null,null,null,null,17AugRun2 Party 1,17AugRun2 Party 1,17AugRun2 Party 1,17AugRun2 Party 1,you@there.com,you@there.com,+445511225,+445511225,+44558855221,+44558855221,112994,112994,17AugRun2 Party 1Add Name,17AugRun2 Party 1Add Name,17AugRun2 Party 1 L1,17AugRun2 Party 1 L1,17AugRun2 Party 1L2,17AugRun2 Party 1L2,17AugRun2 Party 1 L3,17AugRun2 Party 1 L3,Birmingham,Birmingham,Midlands,Midlands,UNITED KINGDOM,UNITED KINGDOM,B37 7HG,B37 7HG,Test Case is passed
