SQL_ApplicationRiskId,API_ApplicationRiskId,SQL_RiskVesselId,API_RiskVesselId,SQL_RiskReference,API_RiskReference,SQL_MemberId,API_MemberId,SQL_Reference,API_Reference,SQL_OrganisationName,API_OrganisationName,SQL_ApplicationID,API_ApplicationID,SQL_ApplicationReference,API_ApplicationReference,SQL_Discriminator,API_Discriminator,SQL_EmailAddress,API_EmailAddress,SQL_ImoNumber,API_ImoNumber,SQL_VesselName,API_VesselName,SQL_VesselType,API_VesselType,SQL_CallSign,API_CallSign,SQL_GrossTonnage,API_GrossTonnage,SQL_YearBuilt,API_YearBuilt,SQL_FlagCountryCode,API_FlagCountryCode,SQL_FlagCountryName,API_FlagCountryName,SQL_PortOfRegistryCode,API_PortOfRegistryCode,SQL_PortOfRegistryName,API_PortOfRegistryName,SQL_RiskCategoryName,API_RiskCategoryName,SQL_EngineHorsePower,API_EngineHorsePower,SQL_TrademarkEngineModelNumber,API_TrademarkEngineModelNumber,Test Case Status
150823,150823,130179,130179,682637,682637,44904,44904,73328,73328,Test3Member Variation1,Test3Member Created,76174,76174,1044646,1044646,Policy,Policy,Janie.Welsh@shipownersclub.com,Janie.Welsh@shipownersclub.com,3453466,3453466,Test3Policy Risk,Test3Policy Risk,YACHT CHARTER 13+ PAX,YACHT CHARTER 13+ PAX,f56,f56,2500,2500,2012,2012,ITA,ITA,ITALY,ITALY,TRE,TRE,TRIESTE,TRIESTE,YACHTS,YACHTS,null,null,null,null,Test Case failed
150817,150817,130177,130177,682635,682635,44903,44903,73327,73327,Test2Member Altered,Test2Member Altered,76168,76168,1044643,1044643,Policy,Policy,Janie.Welsh@shipownersclub.com,Janie.Welsh@shipownersclub.com,4565541,4565541,Riskfor Test2,Riskfor Test2,YACHT CHARTER 13+ PAX,YACHT CHARTER 13+ PAX,gf54,gf54,2500,2500,2012,2012,ITA,ITA,ITALY,ITALY,TRE,TRE,TRIESTE,TRIESTE,YACHTS,YACHTS,null,null,null,null,Test Case passed
150813,150813,130176,130176,682634,682634,44902,44902,73326,73326,Test1Member Updated,Test1Member Updated,76163,76163,1044640,1044640,Policy,Policy,Janie.Welsh@shipownersclub.com,Janie.Welsh@shipownersclub.com,5435339,5435339,Test1 Policy1Risk,Test1 Policy1Risk,YACHT CHARTER 13+ PAX,YACHT CHARTER 13+ PAX,6467tryhrt,6467tryhrt,2500,2500,2012,2012,ITA,ITA,ITALY,ITALY,TRE,TRE,TRIESTE,TRIESTE,YACHTS,YACHTS,null,null,null,null,Test Case passed
150805,150805,130175,130175,682633,682633,44901,44901,73325,73325,Member for PartyCheck,Member for PartyCheck,76155,76155,1044638,1044638,Policy,Policy,Janie.Welsh@shipownersclub.com,Janie.Welsh@shipownersclub.com,6458716,6458716,RiskFor Party,RiskFor Party,YACHT CHARTER 13+ PAX,YACHT CHARTER 13+ PAX,gy,gy,2500,2500,2012,2012,ITA,ITA,ITALY,ITALY,TRE,TRE,TRIESTE,TRIESTE,YACHTS,YACHTS,null,null,null,null,Test Case passed
150811,150811,130174,130174,682632,682632,44900,44900,73324,73324,Member For1044636,Member For1044636,76161,76161,1044636,1044636,Policy,Policy,Janie.Welsh@shipownersclub.com,Janie.Welsh@shipownersclub.com,5767079,5767079,Risk For1044636,Risk For1044636,YACHT CHARTER 13+ PAX,YACHT CHARTER 13+ PAX,jhvhj,jhvhj,2500,2500,2012,2012,ITA,ITA,ITALY,ITALY,TRE,TRE,TRIESTE,TRIESTE,YACHTS,YACHTS,null,null,null,null,Test Case passed
150810,150810,130173,130173,682631,682631,44899,44899,73323,73323,Member For1044635,Member For1044635,76160,76160,1044635,1044635,Policy,Policy,Janie.Welsh@shipownersclub.com,Janie.Welsh@shipownersclub.com,7587590,7587590,Risk For1044635,Risk For1044635,YACHT CHARTER 13+ PAX,YACHT CHARTER 13+ PAX,gjj,gjj,2500,2500,2012,2012,ITA,ITA,ITALY,ITALY,TRE,TRE,TRIESTE,TRIESTE,YACHTS,YACHTS,null,null,null,null,Test Case passed
150809,150809,130172,130172,682630,682630,44898,44898,73322,73322,Member For1044634,Member For1044634,76159,76159,1044634,1044634,Policy,Policy,Janie.Welsh@shipownersclub.com,Janie.Welsh@shipownersclub.com,6757863,6757863,Risk For1044634,Risk For1044634,YACHT CHARTER 13+ PAX,YACHT CHARTER 13+ PAX,jh,jh,2500,2500,2012,2012,ITA,ITA,ITALY,ITALY,TRE,TRE,TRIESTE,TRIESTE,YACHTS,YACHTS,null,null,null,null,Test Case passed
150808,150808,130171,130171,682629,682629,44897,44897,73321,73321,Member For1044633,Member For1044633,76158,76158,1044633,1044633,Policy,Policy,Janie.Welsh@shipownersclub.com,Janie.Welsh@shipownersclub.com,7987697,7987697,Rsk For1044633,Rsk For1044633,YACHT CHARTER 13+ PAX,YACHT CHARTER 13+ PAX,fgf,fgf,2500,2500,2012,2012,ITA,ITA,ITALY,ITALY,GEN,GEN,GENOA,GENOA,YACHTS,YACHTS,null,null,null,null,Test Case passed
150791,150791,130170,130170,682628,682628,44896,44896,73320,73320,NewMember For1044632,NewMember For1044632,76145,76145,1044632,1044632,Policy,Policy,Janie.Welsh@shipownersclub.com,Janie.Welsh@shipownersclub.com,9790086,9790086,Any NewVessel,Any NewVessel,YACHT CHARTER 13+ PAX,YACHT CHARTER 13+ PAX,67678,67678,2500,2500,2012,2012,ITA,ITA,ITALY,ITALY,TRE,TRE,TRIESTE,TRIESTE,YACHTS,YACHTS,null,null,null,null,Test Case passed
150784,150784,130168,130168,682626,682626,44895,44895,73319,73319,RevisedMember Name1044630,RevisedMember Name1044630,76141,76141,1044630,1044630,Policy,Policy,Janie.Welsh@shipownersclub.com,Janie.Welsh@shipownersclub.com,2353243,2353243,Risk 1 Name1044630,Risk 1 Name1044630,YACHT CHARTER 13+ PAX,YACHT CHARTER 13+ PAX,ttt,ttt,2500,2500,2012,2012,ITA,ITA,ITALY,ITALY,TRE,TRE,TRIESTE,TRIESTE,YACHTS,YACHTS,null,null,null,null,Test Case passed
150785,150784,130169,130168,682627,682626,44895,44895,73319,73319,RevisedMember Name1044630,RevisedMember Name1044630,76141,76141,1044630,1044630,Policy,Policy,Janie.Welsh@shipownersclub.com,Janie.Welsh@shipownersclub.com,5475676,2353243,Risk 2 Name1044630,Risk 1 Name1044630,YACHT CHARTER 13+ PAX,YACHT CHARTER 13+ PAX,uuu,ttt,2500,2500,2012,2012,IRL,ITA,IRELAND REPUBLIC OF,ITALY,COR,TRE,CORK,TRIESTE,YACHTS,YACHTS,null,null,null,null,Test Case failed
150778,150778,130166,130166,682624,682624,44894,44894,73318,73318,Updated Member Name,Updated Member Name,76137,76137,1044628,1044628,Policy,Policy,Janie.Welsh@shipownersclub.com,Janie.Welsh@shipownersclub.com,3454355,3454355,Risk 1 For1044628,Risk 1 For1044628,YACHT CHARTER 13+ PAX,YACHT CHARTER 13+ PAX,ttt,ttt,2500,2500,2012,2012,ITA,ITA,ITALY,ITALY,TRE,TRE,TRIESTE,TRIESTE,YACHTS,YACHTS,null,null,null,null,Test Case passed
150779,150778,130167,130166,682625,682624,44894,44894,73318,73318,Updated Member Name,Updated Member Name,76137,76137,1044628,1044628,Policy,Policy,Janie.Welsh@shipownersclub.com,Janie.Welsh@shipownersclub.com,2354089,3454355,Risk 2 For1044628,Risk 1 For1044628,YACHT CHARTER 13+ PAX,YACHT CHARTER 13+ PAX,uuu,ttt,2500,2500,2012,2012,IRL,ITA,IRELAND REPUBLIC OF,ITALY,COR,TRE,CORK,TRIESTE,YACHTS,YACHTS,null,null,null,null,Test Case failed
150761,150752,130165,130160,682623,682618,44893,44893,73317,73317,MemberFor RenewalOne,MemberFor RenewalOne,76127,76121,1044623,1044620,Policy,Policy,Janie.Welsh@shipownersclub.com,Janie.Welsh@shipownersclub.com,2342933,2349010,Risk 1 For1044623,Risk 1 For1044620,YACHT CHARTER 13+ PAX,YACHT CHARTER 13+ PAX,sss,nnn,2500,2500,2012,2012,ITA,ITA,ITALY,ITALY,TRE,TRE,TRIESTE,TRIESTE,YACHTS,YACHTS,null,null,null,null,Test Case failed
150759,150752,130164,130160,682622,682618,44893,44893,73317,73317,MemberFor RenewalOne,MemberFor RenewalOne,76125,76121,1044622,1044620,Policy,Policy,Janie.Welsh@shipownersclub.com,Janie.Welsh@shipownersclub.com,2342323,2349010,Risk 1 For1044622,Risk 1 For1044620,YACHT CHARTER 13+ PAX,YACHT CHARTER 13+ PAX,rrr,nnn,2500,2500,2012,2012,ITA,ITA,ITALY,ITALY,TRE,TRE,TRIESTE,TRIESTE,YACHTS,YACHTS,null,null,null,null,Test Case failed
150756,150752,130162,130160,682620,682618,44893,44893,73317,73317,MemberFor RenewalOne,MemberFor RenewalOne,76123,76121,1044621,1044620,Policy,Policy,Janie.Welsh@shipownersclub.com,Janie.Welsh@shipownersclub.com,3458727,2349010,Risk 1 For1044621,Risk 1 For1044620,YACHT CHARTER 13+ PAX,YACHT CHARTER 13+ PAX,ppp,nnn,2500,2500,2012,2012,ITA,ITA,ITALY,ITALY,TRE,TRE,TRIESTE,TRIESTE,YACHTS,YACHTS,null,null,null,null,Test Case failed
150757,150752,130163,130160,682621,682618,44893,44893,73317,73317,MemberFor RenewalOne,MemberFor RenewalOne,76123,76121,1044621,1044620,Policy,Policy,Janie.Welsh@shipownersclub.com,Janie.Welsh@shipownersclub.com,3458923,2349010,Risk 2 For1044621,Risk 1 For1044620,YACHT CHARTER 13+ PAX,YACHT CHARTER 13+ PAX,qqq,nnn,2500,2500,2012,2012,IRL,ITA,IRELAND REPUBLIC OF,ITALY,COR,TRE,CORK,TRIESTE,YACHTS,YACHTS,null,null,null,null,Test Case failed
150752,150752,130160,130160,682618,682618,44893,44893,73317,73317,MemberFor RenewalOne,MemberFor RenewalOne,76121,76121,1044620,1044620,Policy,Policy,Janie.Welsh@shipownersclub.com,Janie.Welsh@shipownersclub.com,2349010,2349010,Risk 1 For1044620,Risk 1 For1044620,YACHT CHARTER 13+ PAX,YACHT CHARTER 13+ PAX,nnn,nnn,2500,2500,2012,2012,ITA,ITA,ITALY,ITALY,TRE,TRE,TRIESTE,TRIESTE,YACHTS,YACHTS,null,null,null,null,Test Case passed
150753,150752,130161,130160,682619,682618,44893,44893,73317,73317,MemberFor RenewalOne,MemberFor RenewalOne,76121,76121,1044620,1044620,Policy,Policy,Janie.Welsh@shipownersclub.com,Janie.Welsh@shipownersclub.com,2432415,2349010,Risk 2 For1044620,Risk 1 For1044620,YACHT CHARTER 13+ PAX,YACHT CHARTER 13+ PAX,ooo,nnn,2500,2500,2012,2012,IRL,ITA,IRELAND REPUBLIC OF,ITALY,COR,TRE,CORK,TRIESTE,YACHTS,YACHTS,null,null,null,null,Test Case failed
150748,150740,130158,130154,682616,682612,44892,44892,73316,73316,Member For1044616 ,Member For1044616 ,76119,76113,1044619,1044616,Policy,Policy,Janie.Welsh@shipownersclub.com,Janie.Welsh@shipownersclub.com,2358906,9784386,Risk 1 For1044619,Risk 1 For1044616 ,YACHT CHARTER 13+ PAX,YACHT CHARTER 13+ PAX,lll,hhh,2500,2500,2012,2012,ITA,ITA,ITALY,ITALY,TRE,TRE,TRIESTE,TRIESTE,YACHTS,YACHTS,null,null,null,null,Test Case failed
150749,150740,130159,130154,682617,682612,44892,44892,73316,73316,Member For1044616 ,Member For1044616 ,76119,76113,1044619,1044616,Policy,Policy,Janie.Welsh@shipownersclub.com,Janie.Welsh@shipownersclub.com,2365349,9784386,Risk 2 For1044619,Risk 1 For1044616 ,YACHT CHARTER 13+ PAX,YACHT CHARTER 13+ PAX,mmm,hhh,2500,2500,2012,2012,IRL,ITA,IRELAND REPUBLIC OF,ITALY,COR,TRE,CORK,TRIESTE,YACHTS,YACHTS,null,null,null,null,Test Case failed
150745,150740,130157,130154,682615,682612,44892,44892,73316,73316,Member For1044616 ,Member For1044616 ,76117,76113,1044618,1044616,Policy,Policy,Janie.Welsh@shipownersclub.com,Janie.Welsh@shipownersclub.com,8340298,9784386,Risk 1 For1044618,Risk 1 For1044616 ,YACHT CHARTER 13+ PAX,YACHT CHARTER 13+ PAX,kkk,hhh,2500,2500,2012,2012,ITA,ITA,ITALY,ITALY,TRE,TRE,TRIESTE,TRIESTE,YACHTS,YACHTS,null,null,null,null,Test Case failed
150743,150740,130156,130154,682614,682612,44892,44892,73316,73316,Member For1044616 ,Member For1044616 ,76115,76113,1044617,1044616,Policy,Policy,Janie.Welsh@shipownersclub.com,Janie.Welsh@shipownersclub.com,8297518,9784386,Updated Happy Risk,Risk 1 For1044616 ,YACHT CHARTER 13+ PAX,YACHT CHARTER 13+ PAX,jjj,hhh,2500,2500,2012,2012,ITA,ITA,ITALY,ITALY,TRE,TRE,TRIESTE,TRIESTE,YACHTS,YACHTS,null,null,null,null,Test Case failed
150740,150740,130154,130154,682612,682612,44892,44892,73316,73316,Member For1044616 ,Member For1044616 ,76113,76113,1044616,1044616,Policy,Policy,Janie.Welsh@shipownersclub.com,Janie.Welsh@shipownersclub.com,9784386,9784386,Risk 1 For1044616 ,Risk 1 For1044616 ,YACHT CHARTER 13+ PAX,YACHT CHARTER 13+ PAX,hhh,hhh,2500,2500,2012,2012,ITA,ITA,ITALY,ITALY,TRE,TRE,TRIESTE,TRIESTE,YACHTS,YACHTS,null,null,null,null,Test Case passed
150741,150740,130155,130154,682613,682612,44892,44892,73316,73316,Member For1044616 ,Member For1044616 ,76113,76113,1044616,1044616,Policy,Policy,Janie.Welsh@shipownersclub.com,Janie.Welsh@shipownersclub.com,5373921,9784386,Risk2 For1044616 ,Risk 1 For1044616 ,YACHT CHARTER 13+ PAX,YACHT CHARTER 13+ PAX,iii,hhh,2500,2500,2012,2012,IRL,ITA,IRELAND REPUBLIC OF,ITALY,COR,TRE,CORK,TRIESTE,YACHTS,YACHTS,null,null,null,null,Test Case failed
150737,150737,130153,130153,682611,682611,44891,44891,73315,73315,Member For1044615,Member For1044615,76111,76111,1044615,1044615,Policy,Policy,Janie.Welsh@shipownersclub.com,Janie.Welsh@shipownersclub.com,4643537,4643537,Risk 1 1044615,Risk 1 1044615,YACHT CHARTER 13+ PAX,YACHT CHARTER 13+ PAX,ggg,ggg,2500,2500,2012,2012,ITA,ITA,ITALY,ITALY,TRE,GEN,TRIESTE,GENOA,YACHTS,YACHTS,null,null,null,null,Test Case failed
150735,150735,130152,130152,682610,682610,44890,44890,73314,73314,Member For1044614,Member For1044614,76109,76109,1044614,1044614,Policy,Policy,Janie.Welsh@shipownersclub.com,Janie.Welsh@shipownersclub.com,6245212,6245212,Risk 1 1044614,Risk 1 1044614,YACHT CHARTER 13+ PAX,YACHT CHARTER 13+ PAX,fff,fff,2000,2000,2012,2012,ITA,ITA,ITALY,ITALY,TRE,TRE,TRIESTE,TRIESTE,YACHTS,YACHTS,null,null,null,null,Test Case passed
150732,150732,130150,130150,682608,682608,44889,44889,73313,73313,Member For1044613,Member For1044613,76107,76107,1044613,1044613,Policy,Policy,Janie.Welsh@shipownersclub.com,Janie.Welsh@shipownersclub.com,3465457,3465457,Moribund the Burgermeister,Starman,YACHT CHARTER 13+ PAX,YACHT CHARTER 13+ PAX,ddd,ddd,2000,2000,2012,2012,ITA,ITA,ITALY,ITALY,TRE,TRE,TRIESTE,TRIESTE,YACHTS,YACHTS,null,null,null,null,Test Case failed
150733,150732,130151,130150,682609,682608,44889,44889,73313,73313,Member For1044613,Member For1044613,76107,76107,1044613,1044613,Policy,Policy,Janie.Welsh@shipownersclub.com,Janie.Welsh@shipownersclub.com,7835636,3465457,Major Tom,Starman,YACHT CHARTER 13+ PAX,YACHT CHARTER 13+ PAX,eee,ddd,2500,2000,2012,2012,IRL,ITA,IRELAND REPUBLIC OF,ITALY,COR,TRE,CORK,TRIESTE,YACHTS,YACHTS,null,null,null,null,Test Case failed
150796,150796,130139,130139,682597,682597,44888,44888,73312,73312,Member For155071,Member For155071,76150,76150,1044606,1044606,Policy,Policy,Janie.Welsh@shipownersclub.com,Janie.Welsh@shipownersclub.com,null,null,Risk 1 1044606,Risk 1 1044606,YACHT CHARTER 13+ PAX,YACHT CHARTER 13+ PAX,null,null,2500,2500,2012,2012,ITA,ITA,ITALY,ITALY,TRE,TRE,TRIESTE,TRIESTE,YACHTS,YACHTS,null,null,null,null,Test Case passed
150797,150796,130140,130139,682598,682597,44888,44888,73312,73312,Member For155071,Member For155071,76150,76150,1044606,1044606,Policy,Policy,Janie.Welsh@shipownersclub.com,Janie.Welsh@shipownersclub.com,null,null,Risk 2 1044606,Risk 1 1044606,YACHT CHARTER 13+ PAX,YACHT CHARTER 13+ PAX,null,null,2500,2500,2012,2012,IRL,ITA,IRELAND REPUBLIC OF,ITALY,COR,TRE,CORK,TRIESTE,YACHTS,YACHTS,null,null,null,null,Test Case failed
150728,150796,130148,130139,682606,682597,44888,44888,73312,73312,Member For155071,Member For155071,76105,76150,1044612,1044606,Policy,Policy,Janie.Welsh@shipownersclub.com,Janie.Welsh@shipownersclub.com,5239814,null,Risk 1 For1044612,Risk 1 1044606,YACHT CHARTER MAX 12 PAX,YACHT CHARTER 13+ PAX,bbb,null,2500,2500,2012,2012,ITA,ITA,ITALY,ITALY,TRE,TRE,TRIESTE,TRIESTE,YACHTS,YACHTS,null,null,null,null,Test Case failed
150729,150796,130149,130139,682607,682597,44888,44888,73312,73312,Member For155071,Member For155071,76105,76150,1044612,1044606,Policy,Policy,Janie.Welsh@shipownersclub.com,Janie.Welsh@shipownersclub.com,6546343,null,Risk 2 For1044612,Risk 1 1044606,YACHT CHARTER 13+ PAX,YACHT CHARTER 13+ PAX,ccc,null,2500,2500,2012,2012,IRL,ITA,IRELAND REPUBLIC OF,ITALY,COR,TRE,CORK,TRIESTE,YACHTS,YACHTS,null,null,null,null,Test Case failed
150713,150713,130135,130135,682593,682593,44886,44886,73310,73310,Paul Productions,Paul Productions,76094,76094,1044602,1044602,Policy,Policy,Janie.Welsh@shipownersclub.com,Janie.Welsh@shipownersclub.com,null,null,Ark,Ark,TANK,TANK,null,null,1,1,2000,2000,VGB,VGB,BRITISH VIRGIN ISLANDS,BRITISH VIRGIN ISLANDS,ABE,ABE,ABERDEEN,ABERDEEN,BARGES,BARGES,null,null,null,null,Test Case passed
150706,150700,130133,130130,682591,682588,44884,44884,73308,73308,FirstUpdate Member,FirstUpdate Member,76089,76085,1044599,1044597,Policy,Policy,Janie.Welsh@shipownersclub.com,Janie.Welsh@shipownersclub.com,2345789,4363498,Case1 Risk1,Risk1 ForMember,YACHT CHARTER 13+ PAX,YACHT CHARTER 13+ PAX,C1r1,ep1,2500,2500,2012,2012,ITA,ITA,ITALY,ITALY,TRE,TRE,TRIESTE,TRIESTE,YACHTS,YACHTS,null,null,null,null,Test Case failed
150707,150700,130134,130130,682592,682588,44884,44884,73308,73308,FirstUpdate Member,FirstUpdate Member,76089,76085,1044599,1044597,Policy,Policy,Janie.Welsh@shipownersclub.com,Janie.Welsh@shipownersclub.com,7655464,4363498,Case1 Risk2,Risk1 ForMember,YACHT CHARTER 13+ PAX,YACHT CHARTER 13+ PAX,c1r2,ep1,2500,2500,2012,2012,IRL,ITA,IRELAND REPUBLIC OF,ITALY,COR,TRE,CORK,TRIESTE,YACHTS,YACHTS,null,null,null,null,Test Case failed
150703,150700,130132,130130,682590,682588,44884,44884,73308,73308,FirstUpdate Member,FirstUpdate Member,76087,76085,1044598,1044597,Policy,Policy,Janie.Welsh@shipownersclub.com,Janie.Welsh@shipownersclub.com,3454238,4363498,SecondPol Risk,Risk1 ForMember,YACHT CHARTER 13+ PAX,YACHT CHARTER 13+ PAX,2pr,ep1,2500,2500,2012,2012,ITA,ITA,ITALY,ITALY,TRE,TRE,TRIESTE,TRIESTE,YACHTS,YACHTS,null,null,null,null,Test Case failed
150700,150700,130130,130130,682588,682588,44884,44884,73308,73308,FirstUpdate Member,FirstUpdate Member,76085,76085,1044597,1044597,Policy,Policy,Janie.Welsh@shipownersclub.com,Janie.Welsh@shipownersclub.com,4363498,4363498,Risk1 ForMember,Risk1 ForMember,YACHT CHARTER 13+ PAX,YACHT CHARTER 13+ PAX,ep1,ep1,2500,2500,2012,2012,ITA,ITA,ITALY,ITALY,TRE,TRE,TRIESTE,TRIESTE,YACHTS,YACHTS,null,null,null,null,Test Case passed
150701,150700,130131,130130,682589,682588,44884,44884,73308,73308,FirstUpdate Member,FirstUpdate Member,76085,76085,1044597,1044597,Policy,Policy,Janie.Welsh@shipownersclub.com,Janie.Welsh@shipownersclub.com,8793598,4363498,Risk2 ForMember,Risk1 ForMember,YACHT CHARTER 13+ PAX,YACHT CHARTER 13+ PAX,po2,ep1,2500,2500,2012,2012,IRL,ITA,IRELAND REPUBLIC OF,ITALY,COR,TRE,CORK,TRIESTE,YACHTS,YACHTS,null,null,null,null,Test Case failed
150697,150692,130129,130128,682587,682586,44883,44883,73307,73307,NewMember For155070,NewMember For155070,76083,76078,1044596,1044594,Policy,Policy,Janie.Welsh@shipownersclub.com,Janie.Welsh@shipownersclub.com,3536323,5432648,SecondRisk,FirstRisk,YACHT CHARTER 13+ PAX,YACHT CHARTER 13+ PAX,er234,AAIIAIO,3333,3333,2012,2012,USA,USA,UNITED STATES OF AMERICA,UNITED STATES OF AMERICA,MIA,MIA,MIAMI,MIAMI,YACHTS,YACHTS,null,null,null,null,Test Case failed
150692,150692,130128,130128,682586,682586,44883,44883,73307,73307,NewMember For155070,NewMember For155070,76078,76078,1044594,1044594,Policy,Policy,Janie.Welsh@shipownersclub.com,Janie.Welsh@shipownersclub.com,5432648,5432648,FirstRisk,FirstRisk,YACHT CHARTER 13+ PAX,YACHT CHARTER 13+ PAX,AAIIAIO,AAIIAIO,3333,3333,2012,2012,USA,USA,UNITED STATES OF AMERICA,UNITED STATES OF AMERICA,MIA,MIA,MIAMI,MIAMI,YACHTS,YACHTS,null,null,null,null,Test Case passed
150689,150684,130126,130124,682584,682582,44882,44882,73306,73306,NewMember ForAPI,NewMember ForAPI,76076,76072,1044593,1044591,Policy,Policy,Janie.Welsh@shipownersclub.com,Janie.Welsh@shipownersclub.com,2354534,null,B152672 R2r2,Risk2,YACHT CHARTER 13+ PAX,YACHT CHARTER 13+ PAX,oi,null,2500,2500,2012,2012,ITA,ITA,ITALY,ITALY,TRE,TRE,TRIESTE,TRIESTE,YACHTS,YACHTS,null,null,null,null,Test Case failed
150690,150684,130127,130124,682585,682582,44882,44882,73306,73306,NewMember ForAPI,NewMember ForAPI,76076,76072,1044593,1044591,Policy,Policy,Janie.Welsh@shipownersclub.com,Janie.Welsh@shipownersclub.com,5646445,null,B152672 R2r3,Risk2,YACHT CHARTER 13+ PAX,YACHT CHARTER 13+ PAX,hf,null,2500,2500,2012,2012,IRL,ITA,IRELAND REPUBLIC OF,ITALY,COR,TRE,CORK,TRIESTE,YACHTS,YACHTS,null,null,null,null,Test Case failed
150686,150684,130125,130124,682583,682582,44882,44882,73306,73306,NewMember ForAPI,NewMember ForAPI,76074,76072,1044592,1044591,Policy,Policy,Janie.Welsh@shipownersclub.com,Janie.Welsh@shipownersclub.com,6544682,null,B152672 R2R,Risk2,YACHT CHARTER 13+ PAX,YACHT CHARTER 13+ PAX,34643,null,2500,2500,2012,2012,GBR,ITA,UNITED KINGDOM,ITALY,TRE,TRE,TRIESTE,TRIESTE,YACHTS,YACHTS,null,null,null,null,Test Case failed
150684,150684,130124,130124,682582,682582,44882,44882,73306,73306,NewMember ForAPI,NewMember ForAPI,76072,76072,1044591,1044591,Policy,Policy,Janie.Welsh@shipownersclub.com,Janie.Welsh@shipownersclub.com,null,null,Risk2,Risk2,YACHT CHARTER 13+ PAX,YACHT CHARTER 13+ PAX,null,null,2500,2500,2012,2012,ITA,ITA,ITALY,ITALY,TRE,TRE,TRIESTE,TRIESTE,YACHTS,YACHTS,null,null,null,null,Test Case passed
150678,150664,130120,130113,682578,682571,44881,44881,73305,73305,New MemberFINAL,New MemberFINAL,76067,76057,1044587,1044581,Policy,Policy,Janie.Welsh@shipownersclub.com,Janie.Welsh@shipownersclub.com,null,null,RiskBound,R2B152672 R1,YACHT CHARTER MAX 12 PAX,YACHT CHARTER 13+ PAX,DDDD,null,2500,3333,2012,2012,ITA,ITA,ITALY,ITALY,TRE,GEN,TRIESTE,GENOA,YACHTS,YACHTS,null,null,null,null,Test Case failed
150676,150664,130119,130113,682577,682571,44881,44881,73305,73305,New MemberFINAL,New MemberFINAL,76065,76057,1044586,1044581,Policy,Policy,Janie.Welsh@shipownersclub.com,Janie.Welsh@shipownersclub.com,1029388,null,OnlyRisk,R2B152672 R1,YACHT CHARTER 13+ PAX,YACHT CHARTER 13+ PAX,ABCD3,null,2500,3333,2012,2012,ITA,ITA,ITALY,ITALY,TRE,GEN,TRIESTE,GENOA,YACHTS,YACHTS,null,null,null,null,Test Case failed
150671,150664,130117,130113,682575,682571,44881,44881,73305,73305,New MemberFINAL,New MemberFINAL,76062,76057,1044584,1044581,Policy,Policy,Janie.Welsh@shipownersclub.com,Janie.Welsh@shipownersclub.com,null,null,Bug152891 Risk 1,R2B152672 R1,YACHT CHARTER 13+ PAX,YACHT CHARTER 13+ PAX,null,null,2500,3333,2012,2012,ITA,ITA,ITALY,ITALY,TRE,GEN,TRIESTE,GENOA,YACHTS,YACHTS,null,null,null,null,Test Case failed
150672,150664,130118,130113,682576,682571,44881,44881,73305,73305,New MemberFINAL,New MemberFINAL,76062,76057,1044584,1044581,Policy,Policy,Janie.Welsh@shipownersclub.com,Janie.Welsh@shipownersclub.com,null,null,Bug152891 Risk 2,R2B152672 R1,YACHT CHARTER 13+ PAX,YACHT CHARTER 13+ PAX,null,null,2500,3333,2012,2012,IRL,ITA,IRELAND REPUBLIC OF,ITALY,COR,GEN,CORK,GENOA,YACHTS,YACHTS,null,null,null,null,Test Case failed
150668,150664,130116,130113,682574,682571,44881,44881,73305,73305,New MemberFINAL,New MemberFINAL,76060,76057,1044583,1044581,Policy,Policy,Janie.Welsh@shipownersclub.com,Janie.Welsh@shipownersclub.com,null,null,arisk,R2B152672 R1,YACHT CHARTER MAX 12 PAX,YACHT CHARTER 13+ PAX,null,null,2500,3333,2012,2012,ITA,ITA,ITALY,ITALY,TRE,GEN,TRIESTE,GENOA,YACHTS,YACHTS,null,null,null,null,Test Case failed
150664,150664,130113,130113,682571,682571,44881,44881,73305,73305,New MemberFINAL,New MemberFINAL,76057,76057,1044581,1044581,Policy,Policy,Janie.Welsh@shipownersclub.com,Janie.Welsh@shipownersclub.com,null,null,R2B152672 R1,R2B152672 R1,YACHT CHARTER 13+ PAX,YACHT CHARTER 13+ PAX,null,null,3333,3333,2012,2012,ITA,ITA,ITALY,ITALY,GEN,GEN,GENOA,GENOA,YACHTS,YACHTS,null,null,null,null,Test Case passed
150665,150664,130114,130113,682572,682571,44881,44881,73305,73305,New MemberFINAL,New MemberFINAL,76057,76057,1044581,1044581,Policy,Policy,Janie.Welsh@shipownersclub.com,Janie.Welsh@shipownersclub.com,null,null,R2B152672 R2,R2B152672 R1,YACHT CHARTER 13+ PAX,YACHT CHARTER 13+ PAX,null,null,2500,3333,2012,2012,IRL,ITA,IRELAND REPUBLIC OF,ITALY,COR,GEN,CORK,GENOA,YACHTS,YACHTS,null,null,null,null,Test Case failed
150666,150664,130115,130113,682573,682571,44881,44881,73305,73305,New MemberFINAL,New MemberFINAL,76057,76057,1044581,1044581,Policy,Policy,Janie.Welsh@shipownersclub.com,Janie.Welsh@shipownersclub.com,null,null,R2B152672 R3,R2B152672 R1,YACHT CHARTER 13+ PAX,YACHT CHARTER 13+ PAX,null,null,2500,3333,2012,2012,GBR,ITA,UNITED KINGDOM,ITALY,FEL,GEN,FELIXSTOWE,GENOA,YACHTS,YACHTS,null,null,null,null,Test Case failed
150654,150654,130107,130107,682565,682565,44879,44879,73303,73303,Day0_MemberByRef,Day0_MemberByRef,76051,76051,1044576,1044576,Policy,Policy,Janie.Welsh@shipownersclub.com,Janie.Welsh@shipownersclub.com,8765345,8765345,SurajRisk,SurajRisk,DREDGING (FISHING),DREDGING (FISHING),123,123,120,120,2000,2000,IND,IND,INDIA,INDIA,GOI,GOI,GOA (INDIA),GOA (INDIA),FISHING VESSELS,FISHING VESSELS,null,null,null,null,Test Case passed
150652,150652,130106,130106,682564,682564,44878,44878,73302,73302,Day3_Member,Day3_Member,76049,76049,1044575,1044575,Policy,Policy,Janie.Welsh@shipownersclub.com,Janie.Welsh@shipownersclub.com,null,null,MTAVessel,MTAVessel,DREDGING (FISHING),DREDGING (FISHING),1000,1000,200,200,2020,2020,IND,IND,INDIA,INDIA,GOI,GOI,GOA (INDIA),GOA (INDIA),FISHING VESSELS,FISHING VESSELS,null,null,null,null,Test Case passed
150640,150640,130101,130101,682559,682559,44876,44876,73300,73300,Day3APIMember,Day3APIMember,76031,76031,1044562,1044562,Policy,Policy,Janie.Welsh@shipownersclub.com,Janie.Welsh@shipownersclub.com,null,null,MyAPIRisk1,MyAPIRisk1,FISH FARM VESSELS,FISH FARM VESSELS,123123123,123123123,100,100,2020,2020,UMI,UMI,AMERICAN PACIFIC TERRITORIES,AMERICAN PACIFIC TERRITORIES,ALD,ALD,AALESUND,AALESUND,FISHING VESSELS,FISHING VESSELS,null,null,null,null,Test Case passed
150636,150636,130098,130098,682556,682556,44875,44875,73299,73299,Member 07Sept1150,Member 07Sept1150,76029,76029,1044561,1044561,Policy,Policy,Janie.Welsh@shipownersclub.com,Janie.Welsh@shipownersclub.com,null,null,JATests Risk 1,JATests Risk 1,YACHT CHARTER 13+ PAX,YACHT CHARTER 13+ PAX,null,null,2500,2500,2012,2012,ITA,ITA,ITALY,ITALY,TRE,TRE,TRIESTE,TRIESTE,YACHTS,YACHTS,null,null,null,null,Test Case passed
150637,150636,130099,130098,682557,682556,44875,44875,73299,73299,Member 07Sept1150,Member 07Sept1150,76029,76029,1044561,1044561,Policy,Policy,Janie.Welsh@shipownersclub.com,Janie.Welsh@shipownersclub.com,1284641,null,JATests Risk 2,JATests Risk 1,YACHT CHARTER MAX 12 PAX,YACHT CHARTER 13+ PAX,Ayup,null,2500,2500,2012,2012,IRL,ITA,IRELAND REPUBLIC OF,ITALY,COR,TRE,CORK,TRIESTE,YACHTS,YACHTS,null,null,null,null,Test Case failed
150638,150636,130100,130098,682558,682556,44875,44875,73299,73299,Member 07Sept1150,Member 07Sept1150,76029,76029,1044561,1044561,Policy,Policy,Janie.Welsh@shipownersclub.com,Janie.Welsh@shipownersclub.com,null,null,JATests Risk 3,JATests Risk 1,YACHT CHARTER 13+ PAX,YACHT CHARTER 13+ PAX,null,null,2500,2500,2012,2012,GBR,ITA,UNITED KINGDOM,ITALY,SOU,TRE,SOUTHAMPTON,TRIESTE,YACHTS,YACHTS,4500,null,TMHere1,null,Test Case failed
150632,150632,130097,130097,682555,682555,44874,44874,73298,73298,Day3TestMember,Day3TestMember,76027,76027,1044560,1044560,Policy,Policy,Janie.Welsh@shipownersclub.com,Janie.Welsh@shipownersclub.com,null,null,RiskTest1,RiskTest1,INSHORE FISHING,INSHORE FISHING,12313,12313,123,123,2002,2002,IND,IND,INDIA,INDIA,GOA,GOA,GOA,GOA,FISHING VESSELS,FISHING VESSELS,null,null,null,null,Test Case passed
150625,150618,130092,130088,682550,682546,44871,44871,73295,73295,MyMember,MyMember,76017,76007,1044552,1044545,Policy,Policy,Janie.Welsh@shipownersclub.com,Janie.Welsh@shipownersclub.com,null,null,Day3MTAVessel,MyVessel,FISH FARM VESSELS,FISH FARM VESSELS,1233212,1233212,555,555,2019,2019,IND,IND,INDIA,INDIA,GOA,GOA,GOA,GOA,FISHING VESSELS,FISHING VESSELS,null,null,null,null,Test Case failed
150618,150618,130088,130088,682546,682546,44871,44871,73295,73295,MyMember,MyMember,76007,76007,1044545,1044545,Policy,Policy,Janie.Welsh@shipownersclub.com,Janie.Welsh@shipownersclub.com,null,null,MyVessel,MyVessel,FISH FARM VESSELS,FISH FARM VESSELS,1233212,1233212,555,555,2019,2019,IND,IND,INDIA,INDIA,GOA,GOA,GOA,GOA,FISHING VESSELS,FISHING VESSELS,null,null,null,null,Test Case passed
150615,150615,130086,130086,682544,682544,44870,44870,73294,73294,NewMem 27Aug1415,NewMem 27Aug1415,76005,76005,1044539,1044539,Policy,Policy,Janie.Welsh@shipownersclub.com,Janie.Welsh@shipownersclub.com,null,null,QuoteRisk 1,QuoteRisk 1,YACHT CHARTER 13+ PAX,YACHT CHARTER 13+ PAX,null,null,2500,2500,2012,2012,ITA,ITA,ITALY,ITALY,TRE,TRE,TRIESTE,TRIESTE,YACHTS,YACHTS,null,null,null,null,Test Case passed
150616,150615,130087,130086,682545,682544,44870,44870,73294,73294,NewMem 27Aug1415,NewMem 27Aug1415,76005,76005,1044539,1044539,Policy,Policy,Janie.Welsh@shipownersclub.com,Janie.Welsh@shipownersclub.com,null,null,QuoteRisk 2,QuoteRisk 1,YACHT CHARTER 13+ PAX,YACHT CHARTER 13+ PAX,null,null,2500,2500,2012,2012,IRL,ITA,IRELAND REPUBLIC OF,ITALY,COR,TRE,CORK,TRIESTE,YACHTS,YACHTS,null,null,null,null,Test Case failed
150600,150600,130078,130078,682536,682536,44869,44869,73293,73293,MemCreated 26Aug1421,MemCreated 26Aug1421,75993,75993,1044536,1044536,Policy,Policy,Janie.Welsh@shipownersclub.com,Janie.Welsh@shipownersclub.com,1243269,1243269,Mem26Aug1421 Risk1,Mem26Aug1421 Risk1,YACHT CHARTER 13+ PAX,YACHT CHARTER 13+ PAX,Get Here Now,Get Here Now,2500,2500,2012,2012,ITA,ITA,ITALY,ITALY,TRE,TRE,TRIESTE,TRIESTE,YACHTS,YACHTS,null,null,null,null,Test Case passed
150601,150600,130079,130078,682537,682536,44869,44869,73293,73293,MemCreated 26Aug1421,MemCreated 26Aug1421,75993,75993,1044536,1044536,Policy,Policy,Janie.Welsh@shipownersclub.com,Janie.Welsh@shipownersclub.com,null,1243269,Mem26Aug1421 Risk2,Mem26Aug1421 Risk1,YACHT CHARTER MAX 12 PAX,YACHT CHARTER 13+ PAX,null,Get Here Now,2500,2500,2012,2012,IRL,ITA,IRELAND REPUBLIC OF,ITALY,COR,TRE,CORK,TRIESTE,YACHTS,YACHTS,null,null,null,null,Test Case failed
150602,150600,130080,130078,682538,682536,44869,44869,73293,73293,MemCreated 26Aug1421,MemCreated 26Aug1421,75993,75993,1044536,1044536,Policy,Policy,Janie.Welsh@shipownersclub.com,Janie.Welsh@shipownersclub.com,null,1243269,Mem26Aug1421 Risk3,Mem26Aug1421 Risk1,YACHT CHARTER 13+ PAX,YACHT CHARTER 13+ PAX,null,Get Here Now,2500,2500,2012,2012,GBR,ITA,UNITED KINGDOM,ITALY,FEL,TRE,FELIXSTOWE,TRIESTE,YACHTS,YACHTS,null,null,null,null,Test Case failed
150596,150596,130077,130077,682535,682535,44868,44868,73292,73292,mem 26 Aug 1259,mem 26 Aug 1259,75991,75991,1044535,1044535,Policy,Policy,Janie.Welsh@shipownersclub.com,Janie.Welsh@shipownersclub.com,null,null,26 Aug smoke2 risk,26 Aug smoke2 risk,PASSENGER CRUISE VESSEL,PASSENGER CRUISE VESSEL,null,null,2500,2500,2012,2012,ITA,ITA,ITALY,ITALY,TRE,TRE,TRIESTE,TRIESTE,PASSENGER VESSELS,PASSENGER VESSELS,null,null,null,null,Test Case passed
150642,150608,130102,130081,682560,682539,44866,44866,73290,73290,Suraj Member,Suraj Member,76035,75996,1044565,1044538,Policy,Policy,Janie.Welsh@shipownersclub.com,Janie.Welsh@shipownersclub.com,null,8765345,Day3MTACheck,SurajRisk,DREDGING (FISHING),DREDGING (FISHING),11092020,123,203,120,2020,2000,DEU,IND,GERMANY,INDIA,FRAN,GOI,FRANKFURT,GOA (INDIA),FISHING VESSELS,FISHING VESSELS,null,null,null,null,Test Case failed
150629,150608,130095,130081,682553,682539,44866,44866,73290,73290,Suraj Member,Suraj Member,76024,75996,1044558,1044538,Policy,Policy,Janie.Welsh@shipownersclub.com,Janie.Welsh@shipownersclub.com,null,8765345,Day3Vessel,SurajRisk,FISH FARM VESSELS,DREDGING (FISHING),1233212,123,555,120,2019,2000,IND,IND,INDIA,INDIA,GOA,GOI,GOA,GOA (INDIA),FISHING VESSELS,FISHING VESSELS,null,null,null,null,Test Case failed
150623,150608,130091,130081,682549,682539,44866,44866,73290,73290,Suraj Member,Suraj Member,76015,75996,1044551,1044538,Policy,Policy,Janie.Welsh@shipownersclub.com,Janie.Welsh@shipownersclub.com,null,8765345,MyVessel,SurajRisk,FISH FARM VESSELS,DREDGING (FISHING),1233212,123,555,120,2019,2000,IND,IND,INDIA,INDIA,GOA,GOI,GOA,GOA (INDIA),FISHING VESSELS,FISHING VESSELS,null,null,null,null,Test Case failed
150620,150608,130089,130081,682547,682539,44866,44866,73290,73290,Suraj Member,Suraj Member,76009,75996,1044546,1044538,Policy,Policy,Janie.Welsh@shipownersclub.com,Janie.Welsh@shipownersclub.com,null,8765345,MyVessel,SurajRisk,FISH FARM VESSELS,DREDGING (FISHING),1233212,123,555,120,2019,2000,IND,IND,INDIA,INDIA,GOA,GOI,GOA,GOA (INDIA),FISHING VESSELS,FISHING VESSELS,null,null,null,null,Test Case failed
150612,150608,130085,130081,682543,682539,44866,44866,73290,73290,Suraj Member,Suraj Member,76002,75996,1044542,1044538,Policy,Policy,Janie.Welsh@shipownersclub.com,Janie.Welsh@shipownersclub.com,8765345,8765345,SurajRisk,SurajRisk,DREDGING (FISHING),DREDGING (FISHING),123,123,120,120,2000,2000,IND,IND,INDIA,INDIA,GOI,GOI,GOA (INDIA),GOA (INDIA),FISHING VESSELS,FISHING VESSELS,null,null,null,null,Test Case failed
150610,150608,130084,130081,682542,682539,44866,44866,73290,73290,Suraj Member,Suraj Member,75999,75996,1044540,1044538,Policy,Policy,Janie.Welsh@shipownersclub.com,Janie.Welsh@shipownersclub.com,8765345,8765345,SurajRisk,SurajRisk,DREDGING (FISHING),DREDGING (FISHING),123,123,120,120,2000,2000,IND,IND,INDIA,INDIA,GOI,GOI,GOA (INDIA),GOA (INDIA),FISHING VESSELS,FISHING VESSELS,null,null,null,null,Test Case failed
150606,150608,130083,130081,682541,682539,44866,44866,73290,73290,Suraj Member,Suraj Member,75996,75996,1044538,1044538,Policy,Policy,Janie.Welsh@shipownersclub.com,Janie.Welsh@shipownersclub.com,null,8765345,Risky Business,SurajRisk,LONG LINES,DREDGING (FISHING),null,123,43,120,1974,2000,USA,IND,UNITED STATES OF AMERICA,INDIA,ALD,GOI,AALESUND,GOA (INDIA),FISHING VESSELS,FISHING VESSELS,null,null,null,null,Test Case failed
150607,150608,130082,130081,682540,682539,44866,44866,73290,73290,Suraj Member,Suraj Member,75996,75996,1044538,1044538,Policy,Policy,Janie.Welsh@shipownersclub.com,Janie.Welsh@shipownersclub.com,null,8765345,TestRisk1,SurajRisk,INSHORE FISHING,DREDGING (FISHING),12313,123,1234,120,2002,2000,IND,IND,INDIA,INDIA,GOA,GOI,GOA,GOA (INDIA),FISHING VESSELS,FISHING VESSELS,null,null,null,null,Test Case failed
150608,150608,130081,130081,682539,682539,44866,44866,73290,73290,Suraj Member,Suraj Member,75996,75996,1044538,1044538,Policy,Policy,Janie.Welsh@shipownersclub.com,Janie.Welsh@shipownersclub.com,8765345,8765345,SurajRisk,SurajRisk,DREDGING (FISHING),DREDGING (FISHING),123,123,120,120,2000,2000,IND,IND,INDIA,INDIA,GOI,GOI,GOA (INDIA),GOA (INDIA),FISHING VESSELS,FISHING VESSELS,null,null,null,null,Test Case passed
150650,150650,130105,130105,682563,682563,44865,44865,73289,73289,Day3_MemberForRiskName,Day3_MemberForRiskName,76046,76046,1044573,1044573,Policy,Policy,Janie.Welsh@shipownersclub.com,Janie.Welsh@shipownersclub.com,8765345,8765345,SurajRisk,SurajRisk,DREDGING (FISHING),DREDGING (FISHING),123,123,120,120,2000,2000,IND,IND,INDIA,INDIA,GOI,GOI,GOA (INDIA),GOA (INDIA),FISHING VESSELS,FISHING VESSELS,null,null,null,null,Test Case passed
150587,150572,130067,130058,682525,682516,44858,44858,73282,73282,Member 17Aug2240,Member 17Aug2240,75981,75962,1044524,1044510,Policy,Policy,Janie.Welsh@shipownersclub.com,Janie.Welsh@shipownersclub.com,null,null,Risky Business Iii,Aug17Member2240 Risk 1,LONG LINES,YACHT CHARTER 13+ PAX,1234,null,360,2500,1986,2012,CAN,ITA,CANADA,ITALY,AJM,TRE,AJMAN,TRIESTE,FISHING VESSELS,YACHTS,null,null,null,null,Test Case failed
150582,150572,130066,130058,682524,682516,44858,44858,73282,73282,Member 17Aug2240,Member 17Aug2240,75976,75962,1044523,1044510,Policy,Policy,Janie.Welsh@shipownersclub.com,Janie.Welsh@shipownersclub.com,null,null,SmokeCheck1,Aug17Member2240 Risk 1,INSHORE FISHING,YACHT CHARTER 13+ PAX,123123,null,5000,2500,2000,2012,ASM,ITA,AMERICAN SAMOA,ITALY,MON,TRE,MONACO,TRIESTE,FISHING VESSELS,YACHTS,null,null,null,null,Test Case failed
150571,150572,130060,130058,682518,682516,44858,44858,73282,73282,Member 17Aug2240,Member 17Aug2240,75962,75962,1044510,1044510,Policy,Policy,Janie.Welsh@shipownersclub.com,Janie.Welsh@shipownersclub.com,null,null,Aug17Member2240 Risk 3,Aug17Member2240 Risk 1,YACHT CHARTER 13+ PAX,YACHT CHARTER 13+ PAX,null,null,2500,2500,2012,2012,GBR,ITA,UNITED KINGDOM,ITALY,FEL,TRE,FELIXSTOWE,TRIESTE,YACHTS,YACHTS,null,null,null,null,Test Case failed
150572,150572,130058,130058,682516,682516,44858,44858,73282,73282,Member 17Aug2240,Member 17Aug2240,75962,75962,1044510,1044510,Policy,Policy,Janie.Welsh@shipownersclub.com,Janie.Welsh@shipownersclub.com,null,null,Aug17Member2240 Risk 1,Aug17Member2240 Risk 1,YACHT CHARTER 13+ PAX,YACHT CHARTER 13+ PAX,null,null,2500,2500,2012,2012,ITA,ITA,ITALY,ITALY,TRE,TRE,TRIESTE,TRIESTE,YACHTS,YACHTS,null,null,null,null,Test Case passed
150573,150572,130059,130058,682517,682516,44858,44858,73282,73282,Member 17Aug2240,Member 17Aug2240,75962,75962,1044510,1044510,Policy,Policy,Janie.Welsh@shipownersclub.com,Janie.Welsh@shipownersclub.com,null,null,Aug17Member2240 Risk 2,Aug17Member2240 Risk 1,YACHT CHARTER 13+ PAX,YACHT CHARTER 13+ PAX,null,null,2500,2500,2012,2012,IRL,ITA,IRELAND REPUBLIC OF,ITALY,LIR,TRE,LIMERICK,TRIESTE,YACHTS,YACHTS,null,null,null,null,Test Case failed
150574,150572,130061,130058,682519,682516,44858,44858,73282,73282,Member 17Aug2240,Member 17Aug2240,75962,75962,1044510,1044510,Policy,Policy,Janie.Welsh@shipownersclub.com,Janie.Welsh@shipownersclub.com,null,null,Aug17Member2240 Risk 4,Aug17Member2240 Risk 1,YACHT CHARTER 13+ PAX,YACHT CHARTER 13+ PAX,null,null,2500,2500,2012,2012,GRC,ITA,GREECE,ITALY,PIR,TRE,PIRAEUS,TRIESTE,YACHTS,YACHTS,null,null,null,null,Test Case failed
150558,150558,130049,130049,682507,682507,44853,44853,73277,73277,anothe3r Newmebr,anothe3r Newmebr,75956,75956,1044505,1044505,Policy,Policy,Janie.Welsh@shipownersclub.com,Janie.Welsh@shipownersclub.com,null,null,smerkrisk,smerkrisk,YACHT CHARTER 13+ PAX,YACHT CHARTER 13+ PAX,null,null,2500,2500,2012,2012,ITA,ITA,ITALY,ITALY,TRE,TRE,TRIESTE,TRIESTE,YACHTS,YACHTS,null,null,null,null,Test Case passed
150552,150552,130044,130044,682502,682502,44849,44849,73273,73273,NEW Member 11Aug@9938,NEW Member 11Aug@9938,75950,75950,1044500,1044500,Policy,Policy,Janie.Welsh@shipownersclub.com,Janie.Welsh@shipownersclub.com,null,null,Risk1 Member@0938,Risk1 Member@0938,YACHT CHARTER 13+ PAX,YACHT CHARTER 13+ PAX,null,null,2500,2500,2012,2012,ITA,ITA,ITALY,ITALY,TRE,TRE,TRIESTE,TRIESTE,YACHTS,YACHTS,null,null,null,null,Test Case passed
150553,150552,130045,130044,682503,682502,44849,44849,73273,73273,NEW Member 11Aug@9938,NEW Member 11Aug@9938,75950,75950,1044500,1044500,Policy,Policy,Janie.Welsh@shipownersclub.com,Janie.Welsh@shipownersclub.com,null,null,Risk 2 Member@0938,Risk1 Member@0938,YACHT CHARTER 13+ PAX,YACHT CHARTER 13+ PAX,null,null,2500,2500,2012,2012,IRL,ITA,IRELAND REPUBLIC OF,ITALY,COR,TRE,CORK,TRIESTE,YACHTS,YACHTS,null,null,null,null,Test Case failed
150554,150552,130046,130044,682504,682502,44849,44849,73273,73273,NEW Member 11Aug@9938,NEW Member 11Aug@9938,75950,75950,1044500,1044500,Policy,Policy,Janie.Welsh@shipownersclub.com,Janie.Welsh@shipownersclub.com,null,null,Risk3 Member@0938,Risk1 Member@0938,YACHT CHARTER 13+ PAX,YACHT CHARTER 13+ PAX,null,null,2500,2500,2012,2012,GBR,ITA,UNITED KINGDOM,ITALY,FEL,TRE,FELIXSTOWE,TRIESTE,YACHTS,YACHTS,null,null,null,null,Test Case failed
149293,149293,129994,129994,682452,682452,44847,44847,73271,73271,bbbbllllaaah,bbbbllllaaah,75568,75568,1044268,1044268,Policy,Policy,Janie.Welsh@shipownersclub.com,Janie.Welsh@shipownersclub.com,null,null,RRRRIIISSSKKKKYYYY,RRRRIIISSSKKKKYYYY,YACHT CHARTER 13+ PAX,YACHT CHARTER 13+ PAX,null,null,2500,2500,2012,2012,ITA,ITA,ITALY,ITALY,TRE,TRE,TRIESTE,TRIESTE,YACHTS,YACHTS,null,null,null,null,Test Case passed
149286,149283,129990,129989,682448,682447,44846,44846,73270,73270,AMP Test Cold Prospect Party,AMP Test Cold Prospect Party,75561,75558,1044263,1044261,Policy,Policy,Janie.Welsh@shipownersclub.com,Janie.Welsh@shipownersclub.com,null,null,Risky Business Iii,New risk check 1,LONG LINES,PASSENGER PONTOON,null,1234567,36,450,1986,2010,CAN,AUS,CANADA,AUSTRALIA,AJM,AMB,AJMAN,AMBARLI,FISHING VESSELS,PASSENGER VESSELS,null,null,null,null,Test Case failed
149283,149283,129989,129989,682447,682447,44846,44846,73270,73270,AMP Test Cold Prospect Party,AMP Test Cold Prospect Party,75558,75558,1044261,1044261,Policy,Policy,Janie.Welsh@shipownersclub.com,Janie.Welsh@shipownersclub.com,null,null,New risk check 1,New risk check 1,PASSENGER PONTOON,PASSENGER PONTOON,1234567,1234567,450,450,2010,2010,AUS,AUS,AUSTRALIA,AUSTRALIA,AMB,AMB,AMBARLI,AMBARLI,PASSENGER VESSELS,PASSENGER VESSELS,null,null,null,null,Test Case passed
149280,149280,129987,129987,682445,682445,44845,44845,73269,73269,M1044260,M1044260,75556,75556,1044260,1044260,Policy,Policy,Janie.Welsh@shipownersclub.com,Janie.Welsh@shipownersclub.com,null,null,R1_1044260,R1_1044260,YACHT COMPANY OWNED NO CHARTER,YACHT COMPANY OWNED NO CHARTER,null,null,2000,2000,2000,2000,ALD,ALD,ALAND ISLANDS,ALAND ISLANDS,AAB,AAB,AABENRAA,AABENRAA,YACHTS,YACHTS,null,null,null,null,Test Case passed
149281,149280,129988,129987,682446,682445,44845,44845,73269,73269,M1044260,M1044260,75556,75556,1044260,1044260,Policy,Policy,Janie.Welsh@shipownersclub.com,Janie.Welsh@shipownersclub.com,null,null,R2_1044260,R1_1044260,YACHT CHARTER 13+ PAX,YACHT COMPANY OWNED NO CHARTER,null,null,2000,2000,2000,2000,ALB,ALD,ALBANIA,ALAND ISLANDS,A G,AAB,A GUARDA,AABENRAA,YACHTS,YACHTS,null,null,null,null,Test Case failed
149274,149274,129985,129985,682443,682443,44844,44844,73268,73268,M1044258,M1044258,75553,75553,1044258,1044258,Policy,Policy,Janie.Welsh@shipownersclub.com,Janie.Welsh@shipownersclub.com,null,null,R1044258_1,R1044258_1,YACHT CHARTER 13+ PAX,YACHT CHARTER 13+ PAX,null,null,2000,2000,2000,2000,ALB,ALB,ALBANIA,ALBANIA,AAB,AAB,AABENRAA,AABENRAA,YACHTS,YACHTS,null,null,null,null,Test Case passed
149275,149274,129986,129985,682444,682443,44844,44844,73268,73268,M1044258,M1044258,75553,75553,1044258,1044258,Policy,Policy,Janie.Welsh@shipownersclub.com,Janie.Welsh@shipownersclub.com,null,null,R1044258_2,R1044258_1,YACHT CHARTER 13+ PAX,YACHT CHARTER 13+ PAX,null,null,2000,2000,2000,2000,DZA,ALB,ALGERIA,ALBANIA,AAR,AAB,AARHUS,AABENRAA,YACHTS,YACHTS,null,null,null,null,Test Case failed
149267,149267,129982,129982,682440,682440,44842,44842,73266,73266,M1044255,M1044255,75549,75549,1044255,1044255,Policy,Policy,Janie.Welsh@shipownersclub.com,Janie.Welsh@shipownersclub.com,null,null,R1_1044255,R1_1044255,YACHT CHARTER 13+ PAX,YACHT CHARTER 13+ PAX,null,null,2000,2000,2000,2000,DZA,DZA,ALGERIA,ALGERIA,AAL,AAL,AALBORG,AALBORG,YACHTS,YACHTS,null,null,null,null,Test Case passed
149268,149267,129983,129982,682441,682440,44842,44842,73266,73266,M1044255,M1044255,75549,75549,1044255,1044255,Policy,Policy,Janie.Welsh@shipownersclub.com,Janie.Welsh@shipownersclub.com,null,null,R2_1044255,R1_1044255,YACHT CHARTER 13+ PAX,YACHT CHARTER 13+ PAX,null,null,2000,2000,2000,2000,DZA,DZA,ALGERIA,ALGERIA,AAL,AAL,AALBORG,AALBORG,YACHTS,YACHTS,null,null,null,null,Test Case failed
149261,149261,129980,129980,682438,682438,44841,44841,73265,73265,M1044253,M1044253,75546,75546,1044253,1044253,Policy,Policy,Janie.Welsh@shipownersclub.com,Janie.Welsh@shipownersclub.com,null,null,R1_1044253,R1_1044253,YACHT CHARTER 13+ PAX,YACHT CHARTER 13+ PAX,null,null,2000,2000,2000,2000,DZA,DZA,ALGERIA,ALGERIA,ALD,ALD,AALESUND,AALESUND,YACHTS,YACHTS,null,null,null,null,Test Case passed
149262,149261,129981,129980,682439,682438,44841,44841,73265,73265,M1044253,M1044253,75546,75546,1044253,1044253,Policy,Policy,Janie.Welsh@shipownersclub.com,Janie.Welsh@shipownersclub.com,null,null,R2_1044253,R1_1044253,YACHT CHARTER 13+ PAX,YACHT CHARTER 13+ PAX,null,null,2000,2000,2000,2000,ALB,DZA,ALBANIA,ALGERIA,ALD,ALD,AALESUND,AALESUND,YACHTS,YACHTS,null,null,null,null,Test Case failed
150586,150586,130069,130069,682527,682527,44836,44836,73260,73260,OCEAN V LTD,OCEAN V LTD,75980,75980,1044526,1044526,Policy,Policy,Alice.Wakeley@shipownersclub.com,Alice.Wakeley@shipownersclub.com,8765345,8765345,SurajRisk,SurajRisk,DREDGING (FISHING),DREDGING (FISHING),123,123,120,120,2000,2000,IND,IND,INDIA,INDIA,GOI,GOI,GOA (INDIA),GOA (INDIA),FISHING VESSELS,FISHING VESSELS,null,null,null,null,Test Case passed
